Number,Name,Type.1,Type.2,Total,HP,Attack,Defense,Sp..Atk,Sp..Def,Speed,Generation,Legendary,Total.A,ID,Types,Evolution,Final.OG,Final.LG,Starter,Mega,Form,Rank
1,Bulbasaur,Grass,Poison,318,45,49,49,65,65,45,1,FALSE,269,1,Grass_Poison,1,0,0,1,0,0,716
2,Ivysaur,Grass,Poison,405,60,62,63,80,80,60,1,FALSE,343,2,Grass_Poison,2,0,0,1,0,0,554
3,Venusaur,Grass,Poison,525,80,82,83,100,100,80,1,FALSE,443,3,Grass_Poison,3,1,0,1,0,0,234
3,VenusaurMega Venusaur,Grass,Poison,625,80,100,123,122,120,80,1,FALSE,525,4,Grass_Poison,4,0,0,1,3,0,56
4,Charmander,Fire,Only,309,39,52,43,60,50,65,1,FALSE,257,5,Fire,1,0,0,1,0,0,763
5,Charmeleon,Fire,Only,405,58,64,58,80,65,80,1,FALSE,341,6,Fire,2,0,0,1,0,0,558
6,Charizard,Fire,Flying,534,78,84,78,109,85,100,1,FALSE,450,7,Fire_Flying,3,1,0,1,0,0,196
6,CharizardMega Charizard X,Fire,Dragon,634,78,130,111,130,85,100,1,FALSE,504,8,Dragon_Fire,4,0,0,1,3,0,86
6,CharizardMega Charizard Y,Fire,Flying,634,78,104,78,159,115,100,1,FALSE,530,9,Fire_Flying,4,0,0,1,3,0,45
7,Squirtle,Water,Only,314,44,48,65,50,64,43,1,FALSE,266,10,Water,1,0,0,1,0,0,724
8,Wartortle,Water,Only,405,59,63,80,65,80,58,1,FALSE,342,11,Water,2,0,0,1,0,0,556
9,Blastoise,Water,Only,530,79,83,100,85,105,78,1,FALSE,447,12,Water,3,1,0,1,0,0,217
9,BlastoiseMega Blastoise,Water,Only,630,79,103,120,135,115,78,1,FALSE,527,13,Water,4,0,0,1,3,0,54
10,Caterpie,Bug,Only,195,45,30,35,20,20,45,1,FALSE,175,14,Bug,1,0,0,0,0,0,879
11,Metapod,Bug,Only,205,50,20,55,25,25,30,1,FALSE,185,15,Bug,2,0,0,0,0,0,871
12,Butterfree,Bug,Flying,395,60,45,50,90,80,70,1,FALSE,350,16,Bug_Flying,3,1,0,0,0,0,530
13,Weedle,Bug,Poison,195,40,35,30,20,20,50,1,FALSE,175,17,Bug_Poison,1,0,0,0,0,0,879
14,Kakuna,Bug,Poison,205,45,25,50,25,25,35,1,FALSE,180,18,Bug_Poison,2,0,0,0,0,0,873
15,Beedrill,Bug,Poison,395,65,90,40,45,80,75,1,FALSE,350,19,Bug_Poison,3,1,0,0,0,0,530
15,BeedrillMega Beedrill,Bug,Poison,495,65,150,40,15,80,145,1,FALSE,480,20,Bug_Poison,4,0,0,0,3,0,125
16,Pidgey,Normal,Flying,251,40,45,40,35,35,56,1,FALSE,216,21,Flying_Normal,1,0,0,0,0,0,847
17,Pidgeotto,Normal,Flying,349,63,60,55,50,50,71,1,FALSE,299,22,Flying_Normal,2,0,0,0,0,0,634
18,Pidgeot,Normal,Flying,479,83,80,75,70,70,101,1,FALSE,409,23,Flying_Normal,3,1,0,0,0,0,369
18,PidgeotMega Pidgeot,Normal,Flying,579,83,80,80,135,80,121,1,FALSE,499,24,Flying_Normal,4,0,0,0,3,0,99
19,Rattata,Normal,Only,253,30,56,35,25,35,72,1,FALSE,228,25,Normal,1,0,0,0,0,0,837
20,Raticate,Normal,Only,413,55,81,60,50,70,97,1,FALSE,363,26,Normal,2,1,0,0,0,0,500
21,Spearow,Normal,Flying,262,40,60,30,31,31,70,1,FALSE,231,27,Flying_Normal,1,0,0,0,0,0,828
22,Fearow,Normal,Flying,442,65,90,65,61,61,100,1,FALSE,381,28,Flying_Normal,2,1,0,0,0,0,454
23,Ekans,Poison,Only,288,35,60,44,40,54,55,1,FALSE,248,29,Poison,1,0,0,0,0,0,795
24,Arbok,Poison,Only,438,60,85,69,65,79,80,1,FALSE,373,30,Poison,2,1,0,0,0,0,476
25,Pikachu,Electric,Only,320,35,55,40,50,50,90,1,FALSE,270,31,Electric,1,0,0,0,0,0,704
26,Raichu,Electric,Only,485,60,90,55,90,80,110,1,FALSE,395,32,Electric,2,1,0,0,0,0,416
27,Sandshrew,Ground,Only,300,50,75,85,20,30,40,1,FALSE,280,33,Ground,1,0,0,0,0,0,677
28,Sandslash,Ground,Only,450,75,100,110,45,55,65,1,FALSE,405,34,Ground,2,1,0,0,0,0,381
29,Nidoran♀,Poison,Only,275,55,47,52,40,40,41,1,FALSE,235,35,Poison,1,0,0,0,0,0,822
30,Nidorina,Poison,Only,365,70,62,67,55,55,56,1,FALSE,310,36,Poison,2,0,0,0,0,0,610
31,Nidoqueen,Poison,Ground,505,90,92,87,75,85,76,1,FALSE,430,37,Ground_Poison,3,1,0,0,0,0,283
32,Nidoran♂,Poison,Only,273,46,57,40,40,40,50,1,FALSE,233,38,Poison,1,0,0,0,0,0,825
33,Nidorino,Poison,Only,365,61,72,57,55,55,65,1,FALSE,310,39,Poison,2,0,0,0,0,0,610
34,Nidoking,Poison,Ground,505,81,102,77,85,75,85,1,FALSE,420,40,Ground_Poison,3,1,0,0,0,0,327
35,Clefairy,Fairy,Only,323,70,45,48,60,65,35,1,FALSE,278,41,Fairy,1,0,0,0,0,0,688
36,Clefable,Fairy,Only,483,95,70,73,95,90,60,1,FALSE,413,42,Fairy,2,1,0,0,0,0,355
37,Vulpix,Fire,Only,299,38,41,40,50,65,65,1,FALSE,258,43,Fire,1,0,0,0,0,0,760
38,Ninetales,Fire,Only,505,73,76,75,81,100,100,1,FALSE,429,44,Fire,2,1,0,0,0,0,298
39,Jigglypuff,Normal,Fairy,270,115,45,20,45,25,20,1,FALSE,225,45,Fairy_Normal,1,0,0,0,0,0,839
40,Wigglytuff,Normal,Fairy,435,140,70,45,85,50,45,1,FALSE,365,46,Fairy_Normal,2,1,0,0,0,0,489
41,Zubat,Poison,Flying,245,40,45,35,30,40,55,1,FALSE,215,47,Flying_Poison,1,0,0,0,0,0,848
42,Golbat,Poison,Flying,455,75,80,70,65,75,90,1,FALSE,390,48,Flying_Poison,2,1,0,0,0,0,434
43,Oddish,Grass,Poison,320,45,50,55,75,65,30,1,FALSE,270,49,Grass_Poison,1,0,0,0,0,0,704
44,Gloom,Grass,Poison,395,60,65,70,85,75,40,1,FALSE,330,50,Grass_Poison,2,0,0,0,0,0,571
45,Vileplume,Grass,Poison,490,75,80,85,110,90,50,1,FALSE,410,51,Grass_Poison,3,1,0,0,0,0,358
46,Paras,Bug,Grass,285,35,70,55,45,55,25,1,FALSE,240,52,Bug_Grass,1,0,0,0,0,0,808
47,Parasect,Bug,Grass,405,60,95,80,60,80,30,1,FALSE,345,53,Bug_Grass,2,1,0,0,0,0,547
48,Venonat,Bug,Poison,305,60,55,50,40,55,45,1,FALSE,265,54,Bug_Poison,1,0,0,0,0,0,726
49,Venomoth,Bug,Poison,450,70,65,60,90,75,90,1,FALSE,385,55,Bug_Poison,2,1,0,0,0,0,447
50,Diglett,Ground,Only,265,10,55,25,35,45,95,1,FALSE,230,56,Ground,1,0,0,0,0,0,830
51,Dugtrio,Ground,Only,405,35,80,50,50,70,120,1,FALSE,355,57,Ground,2,1,0,0,0,0,514
52,Meowth,Normal,Only,290,40,45,35,40,40,90,1,FALSE,250,58,Normal,1,0,0,0,0,0,781
53,Persian,Normal,Only,440,65,70,60,65,65,115,1,FALSE,375,59,Normal,2,1,0,0,0,0,467
54,Psyduck,Water,Only,320,50,52,48,65,50,55,1,FALSE,268,60,Water,1,0,0,0,0,0,718
55,Golduck,Water,Only,500,80,82,78,95,80,85,1,FALSE,418,61,Water,2,1,0,0,0,0,338
56,Mankey,Fighting,Only,305,40,80,35,35,45,70,1,FALSE,270,62,Fighting,1,0,0,0,0,0,704
57,Primeape,Fighting,Only,455,65,105,60,60,70,95,1,FALSE,395,63,Fighting,2,1,0,0,0,0,416
58,Growlithe,Fire,Only,350,55,70,45,70,50,60,1,FALSE,280,64,Fire,1,0,0,0,0,0,677
59,Arcanine,Fire,Only,555,90,110,80,100,80,95,1,FALSE,455,65,Fire,2,1,0,0,0,0,175
60,Poliwag,Water,Only,300,40,50,40,40,40,90,1,FALSE,260,66,Water,1,0,0,0,0,0,745
61,Poliwhirl,Water,Only,385,65,65,65,50,50,90,1,FALSE,335,67,Water,2,0,0,0,0,0,567
62,Poliwrath,Water,Fighting,510,90,95,95,70,90,70,1,FALSE,440,68,Fighting_Water,3,1,0,0,0,0,239
63,Abra,Psychic,Only,310,25,20,15,105,55,90,1,FALSE,290,69,Psychic,1,0,0,0,0,0,655
64,Kadabra,Psychic,Only,400,40,35,30,120,70,105,1,FALSE,365,70,Psychic,2,0,0,0,0,0,489
65,Alakazam,Psychic,Only,500,55,50,45,135,95,120,1,FALSE,450,71,Psychic,3,1,0,0,0,0,196
65,AlakazamMega Alakazam,Psychic,Only,590,55,50,65,175,95,150,1,FALSE,540,72,Psychic,4,0,0,0,3,0,38
66,Machop,Fighting,Only,305,70,80,50,35,35,35,1,FALSE,270,73,Fighting,1,0,0,0,0,0,704
67,Machoke,Fighting,Only,405,80,100,70,50,60,45,1,FALSE,355,74,Fighting,2,0,0,0,0,0,514
68,Machamp,Fighting,Only,505,90,130,80,65,85,55,1,FALSE,440,75,Fighting,3,1,0,0,0,0,239
69,Bellsprout,Grass,Poison,300,50,75,35,70,30,40,1,FALSE,230,76,Grass_Poison,1,0,0,0,0,0,830
70,Weepinbell,Grass,Poison,390,65,90,50,85,45,55,1,FALSE,305,77,Grass_Poison,2,0,0,0,0,0,619
71,Victreebel,Grass,Poison,490,80,105,65,100,70,70,1,FALSE,390,78,Grass_Poison,3,1,0,0,0,0,434
72,Tentacool,Water,Poison,335,40,40,35,50,100,70,1,FALSE,295,79,Poison_Water,1,0,0,0,0,0,639
73,Tentacruel,Water,Poison,515,80,70,65,80,120,100,1,FALSE,445,80,Poison_Water,2,1,0,0,0,0,219
74,Geodude,Rock,Ground,300,40,80,100,30,30,20,1,FALSE,270,81,Ground_Rock,1,0,0,0,0,0,704
75,Graveler,Rock,Ground,390,55,95,115,45,45,35,1,FALSE,345,82,Ground_Rock,2,0,0,0,0,0,547
76,Golem,Rock,Ground,495,80,120,130,55,65,45,1,FALSE,440,83,Ground_Rock,3,1,0,0,0,0,239
77,Ponyta,Fire,Only,410,50,85,55,65,65,90,1,FALSE,345,84,Fire,1,0,0,0,0,0,547
78,Rapidash,Fire,Only,500,65,100,70,80,80,105,1,FALSE,420,85,Fire,2,1,0,0,0,0,327
79,Slowpoke,Water,Psychic,315,90,65,65,40,40,15,1,FALSE,275,86,Psychic_Water,1,0,0,0,0,0,693
80,Slowbro,Water,Psychic,490,95,75,110,100,80,30,1,FALSE,415,87,Psychic_Water,2,1,0,0,0,0,345
80,SlowbroMega Slowbro,Water,Psychic,590,95,75,180,130,80,30,1,FALSE,515,88,Psychic_Water,4,0,0,0,2,0,67
81,Magnemite,Electric,Steel,325,25,35,70,95,55,45,1,FALSE,290,89,Electric_Steel,1,0,0,0,0,0,655
82,Magneton,Electric,Steel,465,50,60,95,120,70,70,1,FALSE,405,90,Electric_Steel,2,1,0,0,0,0,381
83,Farfetch'd,Normal,Flying,352,52,65,55,58,62,60,1,FALSE,294,91,Flying_Normal,1,1,0,0,0,0,647
84,Doduo,Normal,Flying,310,35,85,45,35,35,75,1,FALSE,275,92,Flying_Normal,1,0,0,0,0,0,693
85,Dodrio,Normal,Flying,460,60,110,70,60,60,100,1,FALSE,400,93,Flying_Normal,2,1,0,0,0,0,400
86,Seel,Water,Only,325,65,45,55,45,70,45,1,FALSE,280,94,Water,1,0,0,0,0,0,677
87,Dewgong,Water,Ice,475,90,70,80,70,95,70,1,FALSE,405,95,Ice_Water,2,1,0,0,0,0,381
88,Grimer,Poison,Only,325,80,80,50,40,50,25,1,FALSE,285,96,Poison,1,0,0,0,0,0,669
89,Muk,Poison,Only,500,105,105,75,65,100,50,1,FALSE,435,97,Poison,2,1,0,0,0,0,258
90,Shellder,Water,Only,305,30,65,100,45,25,40,1,FALSE,260,98,Water,1,0,0,0,0,0,745
91,Cloyster,Water,Ice,525,50,95,180,85,45,70,1,FALSE,440,99,Ice_Water,2,1,0,0,0,0,239
92,Gastly,Ghost,Poison,310,30,35,30,100,35,80,1,FALSE,275,100,Ghost_Poison,1,0,0,0,0,0,693
93,Haunter,Ghost,Poison,405,45,50,45,115,55,95,1,FALSE,355,101,Ghost_Poison,2,0,0,0,0,0,514
94,Gengar,Ghost,Poison,500,60,65,60,130,75,110,1,FALSE,435,102,Ghost_Poison,3,1,0,0,0,0,258
94,GengarMega Gengar,Ghost,Poison,600,60,65,80,170,95,130,1,FALSE,535,103,Ghost_Poison,4,0,0,0,3,0,41
95,Onix,Rock,Ground,385,35,45,160,30,45,70,1,FALSE,355,104,Ground_Rock,1,1,0,0,0,0,514
96,Drowzee,Psychic,Only,328,60,48,45,43,90,42,1,FALSE,285,105,Psychic,1,0,0,0,0,0,669
97,Hypno,Psychic,Only,483,85,73,70,73,115,67,1,FALSE,410,106,Psychic,2,1,0,0,0,0,358
98,Krabby,Water,Only,325,30,105,90,25,25,50,1,FALSE,300,107,Water,1,0,0,0,0,0,625
99,Kingler,Water,Only,475,55,130,115,50,50,75,1,FALSE,425,108,Water,2,1,0,0,0,0,309
100,Voltorb,Electric,Only,330,40,30,50,55,55,100,1,FALSE,300,109,Electric,1,0,0,0,0,0,625
101,Electrode,Electric,Only,480,60,50,70,80,80,140,1,FALSE,430,110,Electric,2,1,0,0,0,0,283
102,Exeggcute,Grass,Psychic,325,60,40,80,60,45,40,1,FALSE,285,111,Grass_Psychic,1,0,0,0,0,0,669
103,Exeggutor,Grass,Psychic,520,95,95,85,125,65,55,1,FALSE,425,112,Grass_Psychic,2,1,0,0,0,0,309
104,Cubone,Ground,Only,320,50,50,95,40,50,35,1,FALSE,280,113,Ground,1,0,0,0,0,0,677
105,Marowak,Ground,Only,425,60,80,110,50,80,45,1,FALSE,375,114,Ground,2,1,0,0,0,0,467
106,Hitmonlee,Fighting,Only,455,50,120,53,35,110,87,1,FALSE,420,115,Fighting,1,1,0,0,0,0,327
107,Hitmonchan,Fighting,Only,455,50,105,79,35,110,76,1,FALSE,420,116,Fighting,1,1,0,0,0,0,327
108,Lickitung,Normal,Only,385,90,55,75,60,75,30,1,FALSE,330,117,Normal,1,1,0,0,0,0,571
109,Koffing,Poison,Only,340,40,65,95,60,45,35,1,FALSE,280,118,Poison,1,0,0,0,0,0,677
110,Weezing,Poison,Only,490,65,90,120,85,70,60,1,FALSE,405,119,Poison,2,1,0,0,0,0,381
111,Rhyhorn,Ground,Rock,345,80,85,95,30,30,25,1,FALSE,315,120,Ground_Rock,1,0,0,0,0,0,602
112,Rhydon,Ground,Rock,485,105,130,120,45,45,40,1,FALSE,440,121,Ground_Rock,2,1,0,0,0,0,239
113,Chansey,Normal,Only,450,250,5,5,35,105,50,1,FALSE,445,122,Normal,1,1,0,0,0,0,219
114,Tangela,Grass,Only,435,65,55,115,100,40,60,1,FALSE,380,123,Grass,1,1,0,0,0,0,455
115,Kangaskhan,Normal,Only,490,105,95,80,40,80,90,1,FALSE,450,124,Normal,1,1,0,0,0,0,196
115,KangaskhanMega Kangaskhan,Normal,Only,590,105,125,100,60,100,100,1,FALSE,530,125,Normal,4,0,0,0,1,0,45
116,Horsea,Water,Only,295,30,40,70,70,25,60,1,FALSE,255,126,Water,1,0,0,0,0,0,766
117,Seadra,Water,Only,440,55,65,95,95,45,85,1,FALSE,375,127,Water,2,1,0,0,0,0,467
118,Goldeen,Water,Only,320,45,67,60,35,50,63,1,FALSE,285,128,Water,1,0,0,0,0,0,669
119,Seaking,Water,Only,450,80,92,65,65,80,68,1,FALSE,385,129,Water,2,1,0,0,0,0,447
120,Staryu,Water,Only,340,30,45,55,70,55,85,1,FALSE,295,130,Water,1,0,0,0,0,0,639
121,Starmie,Water,Psychic,520,60,75,85,100,85,115,1,FALSE,445,131,Psychic_Water,2,1,0,0,0,0,219
122,Mr. Mime,Psychic,Fairy,460,40,45,65,100,120,90,1,FALSE,415,132,Fairy_Psychic,1,1,0,0,0,0,345
123,Scyther,Bug,Flying,500,70,110,80,55,80,105,1,FALSE,445,133,Bug_Flying,1,1,0,0,0,0,219
124,Jynx,Ice,Psychic,455,65,50,35,115,95,95,1,FALSE,405,134,Ice_Psychic,1,1,0,0,0,0,381
125,Electabuzz,Electric,Only,490,65,83,57,95,85,105,1,FALSE,407,135,Electric,1,1,0,0,0,0,373
126,Magmar,Fire,Only,495,65,95,57,100,85,93,1,FALSE,400,136,Fire,1,1,0,0,0,0,400
127,Pinsir,Bug,Only,500,65,125,100,55,70,85,1,FALSE,445,137,Bug,1,1,0,0,0,0,219
127,PinsirMega Pinsir,Bug,Flying,600,65,155,120,65,90,105,1,FALSE,535,138,Bug_Flying,4,0,0,0,1,0,41
128,Tauros,Normal,Only,490,75,100,95,40,70,110,1,FALSE,450,139,Normal,1,1,0,0,0,0,196
129,Magikarp,Water,Only,200,20,10,55,15,20,80,1,FALSE,190,140,Water,1,0,0,0,0,0,865
130,Gyarados,Water,Flying,540,95,125,79,60,100,81,1,FALSE,480,141,Flying_Water,2,1,0,0,0,0,125
130,GyaradosMega Gyarados,Water,Dark,640,95,155,109,70,130,81,1,FALSE,570,142,Dark_Water,4,0,0,0,2,0,18
131,Lapras,Water,Ice,535,130,85,80,85,95,60,1,FALSE,450,143,Ice_Water,1,1,0,0,0,0,196
132,Ditto,Normal,Only,288,48,48,48,48,48,48,1,FALSE,240,144,Normal,1,1,0,0,0,0,808
133,Eevee,Normal,Only,325,55,55,50,45,65,55,1,FALSE,280,145,Normal,1,0,0,0,0,0,677
134,Vaporeon,Water,Only,525,130,65,60,110,95,65,1,FALSE,460,146,Water,2,1,0,0,0,0,162
135,Jolteon,Electric,Only,525,65,65,60,110,95,130,1,FALSE,460,147,Electric,2,1,0,0,0,0,162
136,Flareon,Fire,Only,525,65,130,60,95,110,65,1,FALSE,430,148,Fire,2,1,0,0,0,0,283
137,Porygon,Normal,Only,395,65,60,70,85,75,40,1,FALSE,335,149,Normal,1,1,0,0,0,0,567
138,Omanyte,Rock,Water,355,35,40,100,90,55,35,1,FALSE,315,150,Rock_Water,1,0,0,0,0,0,602
139,Omastar,Rock,Water,495,70,60,125,115,70,55,1,FALSE,435,151,Rock_Water,2,1,0,0,0,0,258
140,Kabuto,Rock,Water,355,30,80,90,55,45,55,1,FALSE,300,152,Rock_Water,1,0,0,0,0,0,625
141,Kabutops,Rock,Water,495,60,115,105,65,70,80,1,FALSE,430,153,Rock_Water,2,1,0,0,0,0,283
142,Aerodactyl,Rock,Flying,515,80,105,65,60,75,130,1,FALSE,455,154,Flying_Rock,1,1,0,0,0,0,175
142,AerodactylMega Aerodactyl,Rock,Flying,615,80,135,85,70,95,150,1,FALSE,545,155,Flying_Rock,4,0,0,0,1,0,37
143,Snorlax,Normal,Only,540,160,110,65,65,110,30,1,FALSE,475,156,Normal,1,1,0,0,0,0,135
144,Articuno,Ice,Flying,580,90,85,100,95,125,85,1,TRUE,495,157,Flying_Ice,1,1,0,0,0,0,102
145,Zapdos,Electric,Flying,580,90,90,85,125,90,100,1,TRUE,490,158,Electric_Flying,1,1,0,0,0,0,110
146,Moltres,Fire,Flying,580,90,100,90,125,85,90,1,TRUE,480,159,Fire_Flying,1,1,0,0,0,0,125
147,Dratini,Dragon,Only,300,41,64,45,50,50,50,1,FALSE,250,160,Dragon,1,0,0,0,0,0,781
148,Dragonair,Dragon,Only,420,61,84,65,70,70,70,1,FALSE,350,161,Dragon,2,0,0,0,0,0,530
149,Dragonite,Dragon,Flying,600,91,134,95,100,100,80,1,FALSE,500,162,Dragon_Flying,3,1,0,0,0,0,87
150,Mewtwo,Psychic,Only,680,106,110,90,154,90,130,1,TRUE,570,163,Psychic,1,1,0,0,0,0,18
150,MewtwoMega Mewtwo X,Psychic,Fighting,780,106,190,100,154,100,130,1,TRUE,626,164,Fighting_Psychic,4,0,0,0,1,0,2
150,MewtwoMega Mewtwo Y,Psychic,Only,780,106,150,70,194,120,140,1,TRUE,630,165,Psychic,4,0,0,0,1,0,1
151,Mew,Psychic,Only,600,100,100,100,100,100,100,1,FALSE,500,166,Psychic,1,1,0,0,0,0,87
152,Chikorita,Grass,Only,318,45,49,65,49,65,45,2,FALSE,269,167,Grass,1,0,0,1,0,0,716
153,Bayleef,Grass,Only,405,60,62,80,63,80,60,2,FALSE,343,168,Grass,2,0,0,1,0,0,554
154,Meganium,Grass,Only,525,80,82,100,83,100,80,2,FALSE,443,169,Grass,3,1,0,1,0,0,234
155,Cyndaquil,Fire,Only,309,39,52,43,60,50,65,2,FALSE,257,170,Fire,1,0,0,1,0,0,763
156,Quilava,Fire,Only,405,58,64,58,80,65,80,2,FALSE,341,171,Fire,2,0,0,1,0,0,558
157,Typhlosion,Fire,Only,534,78,84,78,109,85,100,2,FALSE,450,172,Fire,3,1,0,1,0,0,196
158,Totodile,Water,Only,314,50,65,64,44,48,43,2,FALSE,270,173,Water,1,0,0,1,0,0,704
159,Croconaw,Water,Only,405,65,80,80,59,63,58,2,FALSE,346,174,Water,2,0,0,1,0,0,545
160,Feraligatr,Water,Only,530,85,105,100,79,83,78,2,FALSE,451,175,Water,3,1,0,1,0,0,195
161,Sentret,Normal,Only,215,35,46,34,35,45,20,2,FALSE,180,176,Normal,1,0,0,0,0,0,873
162,Furret,Normal,Only,415,85,76,64,45,55,90,2,FALSE,370,177,Normal,2,1,0,0,0,0,482
163,Hoothoot,Normal,Flying,262,60,30,30,36,56,50,2,FALSE,232,178,Flying_Normal,1,0,0,0,0,0,826
164,Noctowl,Normal,Flying,442,100,50,50,76,96,70,2,FALSE,392,179,Flying_Normal,2,1,0,0,0,0,428
165,Ledyba,Bug,Flying,265,40,20,30,40,80,55,2,FALSE,245,180,Bug_Flying,1,0,0,0,0,0,796
166,Ledian,Bug,Flying,390,55,35,50,55,110,85,2,FALSE,355,181,Bug_Flying,2,1,0,0,0,0,514
167,Spinarak,Bug,Poison,250,40,60,40,40,40,30,2,FALSE,210,182,Bug_Poison,1,0,0,0,0,0,855
168,Ariados,Bug,Poison,390,70,90,70,60,60,40,2,FALSE,330,183,Bug_Poison,2,1,0,0,0,0,571
169,Crobat,Poison,Flying,535,85,90,80,70,80,130,2,FALSE,465,184,Flying_Poison,3,0,1,0,0,0,148
170,Chinchou,Water,Electric,330,75,38,38,56,56,67,2,FALSE,292,185,Electric_Water,1,0,0,0,0,0,649
171,Lanturn,Water,Electric,460,125,58,58,76,76,67,2,FALSE,402,186,Electric_Water,2,1,0,0,0,0,397
172,Pichu,Electric,Only,205,20,40,15,35,35,60,2,FALSE,170,187,Electric,0,0,0,0,0,0,886
173,Cleffa,Fairy,Only,218,50,25,28,45,55,15,2,FALSE,193,188,Fairy,0,0,0,0,0,0,863
174,Igglybuff,Normal,Fairy,210,90,30,15,40,20,15,2,FALSE,180,189,Fairy_Normal,0,0,0,0,0,0,873
175,Togepi,Fairy,Only,245,35,20,65,40,65,20,2,FALSE,225,190,Fairy,0,0,0,0,0,0,839
176,Togetic,Fairy,Flying,405,55,40,85,80,105,40,2,FALSE,365,191,Fairy_Flying,1,1,0,0,0,0,489
177,Natu,Psychic,Flying,320,40,50,45,70,45,70,2,FALSE,270,192,Flying_Psychic,1,0,0,0,0,0,704
178,Xatu,Psychic,Flying,470,65,75,70,95,70,95,2,FALSE,395,193,Flying_Psychic,2,0,0,0,0,0,416
179,Mareep,Electric,Only,280,55,40,40,65,45,35,2,FALSE,240,194,Electric,1,0,0,0,0,0,808
180,Flaaffy,Electric,Only,365,70,55,55,80,60,45,2,FALSE,310,195,Electric,2,0,0,0,0,0,610
181,Ampharos,Electric,Only,510,90,75,85,115,90,55,2,FALSE,435,196,Electric,3,1,0,0,0,0,258
181,AmpharosMega Ampharos,Electric,Dragon,610,90,95,105,165,110,45,2,FALSE,515,197,Dragon_Electric,4,0,0,0,3,0,67
182,Bellossom,Grass,Only,490,75,80,95,90,100,50,2,FALSE,410,198,Grass,3,0,1,0,0,0,358
183,Marill,Water,Fairy,250,70,20,50,20,50,40,2,FALSE,230,199,Fairy_Water,1,0,0,0,0,0,830
184,Azumarill,Water,Fairy,420,100,50,80,60,80,50,2,FALSE,370,200,Fairy_Water,2,1,0,0,0,0,482
185,Sudowoodo,Rock,Only,410,70,100,115,30,65,30,2,FALSE,380,201,Rock,1,1,0,0,0,0,455
186,Politoed,Water,Only,500,90,75,75,90,100,70,2,FALSE,425,202,Water,3,0,1,0,0,0,309
187,Hoppip,Grass,Flying,250,35,35,40,35,55,50,2,FALSE,215,203,Flying_Grass,1,0,0,0,0,0,848
188,Skiploom,Grass,Flying,340,55,45,50,45,65,80,2,FALSE,295,204,Flying_Grass,2,0,0,0,0,0,639
189,Jumpluff,Grass,Flying,460,75,55,70,55,95,110,2,FALSE,405,205,Flying_Grass,3,1,0,0,0,0,381
190,Aipom,Normal,Only,360,55,70,55,40,55,85,2,FALSE,320,206,Normal,1,1,0,0,0,0,594
191,Sunkern,Grass,Only,180,30,30,30,30,30,30,2,FALSE,150,207,Grass,1,0,0,0,0,0,890
192,Sunflora,Grass,Only,425,75,75,55,105,85,30,2,FALSE,350,208,Grass,2,1,0,0,0,0,530
193,Yanma,Bug,Flying,390,65,65,45,75,45,95,2,FALSE,325,209,Bug_Flying,1,1,0,0,0,0,587
194,Wooper,Water,Ground,210,55,45,45,25,25,15,2,FALSE,185,210,Ground_Water,1,0,0,0,0,0,871
195,Quagsire,Water,Ground,430,95,85,85,65,65,35,2,FALSE,365,211,Ground_Water,2,1,0,0,0,0,489
196,Espeon,Psychic,Only,525,65,65,60,130,95,110,2,FALSE,460,212,Psychic,2,0,1,0,0,0,162
197,Umbreon,Dark,Only,525,95,65,110,60,130,65,2,FALSE,465,213,Dark,2,0,1,0,0,0,148
198,Murkrow,Dark,Flying,405,60,85,42,85,42,91,2,FALSE,320,214,Dark_Flying,1,1,0,0,0,0,594
199,Slowking,Water,Psychic,490,95,75,80,100,110,30,2,FALSE,415,215,Psychic_Water,2,0,1,0,0,0,345
200,Misdreavus,Ghost,Only,435,60,60,60,85,85,85,2,FALSE,375,216,Ghost,1,1,0,0,0,0,467
201,Unown,Psychic,Only,336,48,72,48,72,48,48,2,FALSE,264,217,Psychic,1,1,0,0,0,0,735
202,Wobbuffet,Psychic,Only,405,190,33,58,33,58,33,2,FALSE,372,218,Psychic,1,1,0,0,0,0,479
203,Girafarig,Normal,Psychic,455,70,80,65,90,65,85,2,FALSE,375,219,Normal_Psychic,1,1,0,0,0,0,467
204,Pineco,Bug,Only,290,50,65,90,35,35,15,2,FALSE,255,220,Bug,1,0,0,0,0,0,766
205,Forretress,Bug,Steel,465,75,90,140,60,60,40,2,FALSE,405,221,Bug_Steel,2,1,0,0,0,0,381
206,Dunsparce,Normal,Only,415,100,70,70,65,65,45,2,FALSE,350,222,Normal,1,1,0,0,0,0,530
207,Gligar,Ground,Flying,430,65,75,105,35,65,85,2,FALSE,395,223,Flying_Ground,1,1,0,0,0,0,416
208,Steelix,Steel,Ground,510,75,85,200,55,65,30,2,FALSE,455,224,Ground_Steel,2,0,1,0,0,0,175
208,SteelixMega Steelix,Steel,Ground,610,75,125,230,55,95,30,2,FALSE,555,225,Ground_Steel,4,0,0,0,2,0,33
209,Snubbull,Fairy,Only,300,60,80,50,40,40,30,2,FALSE,260,226,Fairy,1,0,0,0,0,0,745
210,Granbull,Fairy,Only,450,90,120,75,60,60,45,2,FALSE,390,227,Fairy,2,1,0,0,0,0,434
211,Qwilfish,Water,Poison,430,65,95,75,55,55,85,2,FALSE,375,228,Poison_Water,1,1,0,0,0,0,467
212,Scizor,Bug,Steel,500,70,130,100,55,80,65,2,FALSE,445,229,Bug_Steel,2,0,1,0,0,0,219
212,ScizorMega Scizor,Bug,Steel,600,70,150,140,65,100,75,2,FALSE,535,230,Bug_Steel,4,0,0,0,2,0,41
213,Shuckle,Bug,Rock,505,20,10,230,10,230,5,2,FALSE,495,231,Bug_Rock,1,1,0,0,0,0,102
214,Heracross,Bug,Fighting,500,80,125,75,40,95,85,2,FALSE,460,232,Bug_Fighting,1,1,0,0,0,0,162
214,HeracrossMega Heracross,Bug,Fighting,600,80,185,115,40,105,75,2,FALSE,560,233,Bug_Fighting,4,0,0,0,0,0,27
215,Sneasel,Dark,Ice,430,55,95,55,35,75,115,2,FALSE,395,234,Dark_Ice,1,1,0,0,0,0,416
216,Teddiursa,Normal,Only,330,60,80,50,50,50,40,2,FALSE,280,235,Normal,1,0,0,0,0,0,677
217,Ursaring,Normal,Only,500,90,130,75,75,75,55,2,FALSE,425,236,Normal,2,1,0,0,0,0,309
218,Slugma,Fire,Only,250,40,40,40,70,40,20,2,FALSE,210,237,Fire,1,0,0,0,0,0,855
219,Magcargo,Fire,Rock,410,50,50,120,80,80,30,2,FALSE,360,238,Fire_Rock,2,1,0,0,0,0,502
220,Swinub,Ice,Ground,250,50,50,40,30,30,50,2,FALSE,220,239,Ground_Ice,1,0,0,0,0,0,844
221,Piloswine,Ice,Ground,450,100,100,80,60,60,50,2,FALSE,390,240,Ground_Ice,2,1,0,0,0,0,434
222,Corsola,Water,Rock,380,55,55,85,65,85,35,2,FALSE,325,241,Rock_Water,1,1,0,0,0,0,587
223,Remoraid,Water,Only,300,35,65,35,65,35,65,2,FALSE,235,242,Water,1,0,0,0,0,0,822
224,Octillery,Water,Only,480,75,105,75,105,75,45,2,FALSE,375,243,Water,2,1,0,0,0,0,467
225,Delibird,Ice,Flying,330,45,55,45,65,45,75,2,FALSE,275,244,Flying_Ice,1,1,0,0,0,0,693
226,Mantine,Water,Flying,465,65,40,70,80,140,70,2,FALSE,425,245,Flying_Water,1,1,0,0,0,0,309
227,Skarmory,Steel,Flying,465,65,80,140,40,70,70,2,FALSE,425,246,Flying_Steel,1,1,0,0,0,0,309
228,Houndour,Dark,Fire,330,45,60,30,80,50,65,2,FALSE,270,247,Dark_Fire,1,0,0,0,0,0,704
229,Houndoom,Dark,Fire,500,75,90,50,110,80,95,2,FALSE,410,248,Dark_Fire,2,1,0,0,0,0,358
229,HoundoomMega Houndoom,Dark,Fire,600,75,90,90,140,90,115,2,FALSE,510,249,Dark_Fire,4,0,0,0,2,0,70
230,Kingdra,Water,Dragon,540,75,95,95,95,95,85,2,FALSE,445,250,Dragon_Water,3,0,1,0,0,0,219
231,Phanpy,Ground,Only,330,90,60,60,40,40,40,2,FALSE,290,251,Ground,1,0,0,0,0,0,655
232,Donphan,Ground,Only,500,90,120,120,60,60,50,2,FALSE,440,252,Ground,2,1,0,0,0,0,239
233,Porygon2,Normal,Only,515,85,80,90,105,95,60,2,FALSE,435,253,Normal,2,0,1,0,0,0,258
234,Stantler,Normal,Only,465,73,95,62,85,65,85,2,FALSE,380,254,Normal,1,1,0,0,0,0,455
235,Smeargle,Normal,Only,250,55,20,35,20,45,75,2,FALSE,230,255,Normal,1,1,0,0,0,0,830
236,Tyrogue,Fighting,Only,210,35,35,35,35,35,35,2,FALSE,175,256,Fighting,0,0,0,0,0,0,879
237,Hitmontop,Fighting,Only,455,50,95,95,35,110,70,2,FALSE,420,257,Fighting,1,1,0,0,0,0,327
238,Smoochum,Ice,Psychic,305,45,30,15,85,65,65,2,FALSE,275,258,Ice_Psychic,0,0,0,0,0,0,693
239,Elekid,Electric,Only,360,45,63,37,65,55,95,2,FALSE,297,259,Electric,0,0,0,0,0,0,637
240,Magby,Fire,Only,365,45,75,37,70,55,83,2,FALSE,295,260,Fire,0,0,0,0,0,0,639
241,Miltank,Normal,Only,490,95,80,105,40,70,100,2,FALSE,450,261,Normal,1,1,0,0,0,0,196
242,Blissey,Normal,Only,540,255,10,10,75,135,55,2,FALSE,530,262,Normal,2,0,1,0,0,0,45
243,Raikou,Electric,Only,580,90,85,75,115,100,115,2,TRUE,495,263,Electric,1,1,0,0,0,0,102
244,Entei,Fire,Only,580,115,115,85,90,75,100,2,TRUE,490,264,Fire,1,1,0,0,0,0,110
245,Suicune,Water,Only,580,100,75,115,90,115,85,2,TRUE,505,265,Water,1,1,0,0,0,0,79
246,Larvitar,Rock,Ground,300,50,64,50,45,50,41,2,FALSE,255,266,Ground_Rock,1,0,0,0,0,0,766
247,Pupitar,Rock,Ground,410,70,84,70,65,70,51,2,FALSE,345,267,Ground_Rock,2,0,0,0,0,0,547
248,Tyranitar,Rock,Dark,600,100,134,110,95,100,61,2,FALSE,505,268,Dark_Rock,3,1,0,0,0,0,79
248,TyranitarMega Tyranitar,Rock,Dark,700,100,164,150,95,120,71,2,FALSE,605,269,Dark_Rock,4,0,0,0,3,0,5
249,Lugia,Psychic,Flying,680,106,90,130,90,154,110,2,TRUE,590,270,Flying_Psychic,1,1,0,0,0,0,10
250,Ho-oh,Fire,Flying,680,106,130,90,110,154,90,2,TRUE,570,271,Fire_Flying,1,1,0,0,0,0,18
251,Celebi,Psychic,Grass,600,100,100,100,100,100,100,2,FALSE,500,272,Grass_Psychic,1,1,0,0,0,0,87
252,Treecko,Grass,Only,310,40,45,35,65,55,70,3,FALSE,265,273,Grass,1,0,0,1,0,0,726
253,Grovyle,Grass,Only,405,50,65,45,85,65,95,3,FALSE,340,274,Grass,2,0,0,1,0,0,560
254,Sceptile,Grass,Only,530,70,85,65,105,85,120,3,FALSE,445,275,Grass,3,1,0,1,0,0,219
254,SceptileMega Sceptile,Grass,Dragon,630,70,110,75,145,85,145,3,FALSE,520,276,Dragon_Grass,4,0,0,1,3,0,59
255,Torchic,Fire,Only,310,45,60,40,70,50,45,3,FALSE,250,277,Fire,1,0,0,1,0,0,781
256,Combusken,Fire,Fighting,405,60,85,60,85,60,55,3,FALSE,320,278,Fighting_Fire,2,0,0,1,0,0,594
257,Blaziken,Fire,Fighting,530,80,120,70,110,70,80,3,FALSE,420,279,Fighting_Fire,3,1,0,1,0,0,327
257,BlazikenMega Blaziken,Fire,Fighting,630,80,160,80,130,80,100,3,FALSE,500,280,Fighting_Fire,4,0,0,1,3,0,87
258,Mudkip,Water,Only,310,50,70,50,50,50,40,3,FALSE,260,281,Water,1,0,0,1,0,0,745
259,Marshtomp,Water,Ground,405,70,85,70,60,70,50,3,FALSE,345,282,Ground_Water,2,0,0,1,0,0,547
260,Swampert,Water,Ground,535,100,110,90,85,90,60,3,FALSE,450,283,Ground_Water,3,1,0,1,0,0,196
260,SwampertMega Swampert,Water,Ground,635,100,150,110,95,110,70,3,FALSE,540,284,Ground_Water,4,0,0,1,3,0,38
261,Poochyena,Dark,Only,220,35,55,35,30,30,35,3,FALSE,190,285,Dark,1,0,0,0,0,0,865
262,Mightyena,Dark,Only,420,70,90,70,60,60,70,3,FALSE,360,286,Dark,2,1,0,0,0,0,502
263,Zigzagoon,Normal,Only,240,38,30,41,30,41,60,3,FALSE,210,287,Normal,1,0,0,0,0,0,855
264,Linoone,Normal,Only,420,78,70,61,50,61,100,3,FALSE,370,288,Normal,2,1,0,0,0,0,482
265,Wurmple,Bug,Only,195,45,45,35,20,30,20,3,FALSE,175,289,Bug,1,0,0,0,0,0,879
266,Silcoon,Bug,Only,205,50,35,55,25,25,15,3,FALSE,180,290,Bug,2,0,0,0,0,0,873
267,Beautifly,Bug,Flying,395,60,70,50,100,50,65,3,FALSE,325,291,Bug_Flying,3,1,0,0,0,0,587
268,Cascoon,Bug,Only,205,50,35,55,25,25,15,3,FALSE,180,292,Bug,2,0,0,0,0,0,873
269,Dustox,Bug,Poison,385,60,50,70,50,90,65,3,FALSE,335,293,Bug_Poison,3,1,0,0,0,0,567
270,Lotad,Water,Grass,220,40,30,30,40,50,30,3,FALSE,190,294,Grass_Water,1,0,0,0,0,0,865
271,Lombre,Water,Grass,340,60,50,50,60,70,50,3,FALSE,290,295,Grass_Water,2,0,0,0,0,0,655
272,Ludicolo,Water,Grass,480,80,70,70,90,100,70,3,FALSE,410,296,Grass_Water,3,1,0,0,0,0,358
273,Seedot,Grass,Only,220,40,40,50,30,30,30,3,FALSE,190,297,Grass,1,0,0,0,0,0,865
274,Nuzleaf,Grass,Dark,340,70,70,40,60,40,60,3,FALSE,280,298,Dark_Grass,2,0,0,0,0,0,677
275,Shiftry,Grass,Dark,480,90,100,60,90,60,80,3,FALSE,390,299,Dark_Grass,3,1,0,0,0,0,434
276,Taillow,Normal,Flying,270,40,55,30,30,30,85,3,FALSE,240,300,Flying_Normal,1,0,0,0,0,0,808
277,Swellow,Normal,Flying,430,60,85,60,50,50,125,3,FALSE,380,301,Flying_Normal,2,1,0,0,0,0,455
278,Wingull,Water,Flying,270,40,30,30,55,30,85,3,FALSE,240,302,Flying_Water,1,0,0,0,0,0,808
279,Pelipper,Water,Flying,430,60,50,100,85,70,65,3,FALSE,380,303,Flying_Water,2,1,0,0,0,0,455
280,Ralts,Psychic,Fairy,198,28,25,25,45,35,40,3,FALSE,173,304,Fairy_Psychic,1,0,0,0,0,0,883
281,Kirlia,Psychic,Fairy,278,38,35,35,65,55,50,3,FALSE,243,305,Fairy_Psychic,2,0,0,0,0,0,806
282,Gardevoir,Psychic,Fairy,518,68,65,65,125,115,80,3,FALSE,453,306,Fairy_Psychic,3,1,0,0,0,0,190
282,GardevoirMega Gardevoir,Psychic,Fairy,618,68,85,65,165,135,100,3,FALSE,533,307,Fairy_Psychic,4,0,0,0,3,0,44
283,Surskit,Bug,Water,269,40,30,32,50,52,65,3,FALSE,239,308,Bug_Water,1,0,0,0,0,0,816
284,Masquerain,Bug,Flying,414,70,60,62,80,82,60,3,FALSE,354,309,Bug_Flying,2,1,0,0,0,0,524
285,Shroomish,Grass,Only,295,60,40,60,40,60,35,3,FALSE,255,310,Grass,1,0,0,0,0,0,766
286,Breloom,Grass,Fighting,460,60,130,80,60,60,70,3,FALSE,400,311,Fighting_Grass,2,1,0,0,0,0,400
287,Slakoth,Normal,Only,280,60,60,60,35,35,30,3,FALSE,245,312,Normal,1,0,0,0,0,0,796
288,Vigoroth,Normal,Only,440,80,80,80,55,55,90,3,FALSE,385,313,Normal,2,0,0,0,0,0,447
289,Slaking,Normal,Only,670,150,160,100,95,65,100,3,FALSE,575,314,Normal,3,1,0,0,0,0,17
290,Nincada,Bug,Ground,266,31,45,90,30,30,40,3,FALSE,236,315,Bug_Ground,1,0,0,0,0,0,821
291,Ninjask,Bug,Flying,456,61,90,45,50,50,160,3,FALSE,406,316,Bug_Flying,2,1,0,0,0,0,376
292,Shedinja,Bug,Ghost,236,1,90,45,30,30,40,3,FALSE,206,317,Bug_Ghost,2,1,0,0,0,0,859
293,Whismur,Normal,Only,240,64,51,23,51,23,28,3,FALSE,189,318,Normal,1,0,0,0,0,0,870
294,Loudred,Normal,Only,360,84,71,43,71,43,48,3,FALSE,289,319,Normal,2,0,0,0,0,0,664
295,Exploud,Normal,Only,490,104,91,63,91,73,68,3,FALSE,399,320,Normal,3,1,0,0,0,0,414
296,Makuhita,Fighting,Only,237,72,60,30,20,30,25,3,FALSE,217,321,Fighting,1,0,0,0,0,0,846
297,Hariyama,Fighting,Only,474,144,120,60,40,60,50,3,FALSE,434,322,Fighting,2,1,0,0,0,0,274
298,Azurill,Normal,Fairy,190,50,20,40,20,40,20,3,FALSE,170,323,Fairy_Normal,0,0,0,0,0,0,886
299,Nosepass,Rock,Only,375,30,45,135,45,90,30,3,FALSE,330,324,Rock,1,1,0,0,0,0,571
300,Skitty,Normal,Only,260,50,45,45,35,35,50,3,FALSE,225,325,Normal,1,0,0,0,0,0,839
301,Delcatty,Normal,Only,380,70,65,65,55,55,70,3,FALSE,325,326,Normal,2,1,0,0,0,0,587
302,Sableye,Dark,Ghost,380,50,75,75,65,65,50,3,FALSE,315,327,Dark_Ghost,1,1,0,0,0,0,602
302,SableyeMega Sableye,Dark,Ghost,480,50,85,125,85,115,20,3,FALSE,395,328,Dark_Ghost,4,0,0,0,1,0,416
303,Mawile,Steel,Fairy,380,50,85,85,55,55,50,3,FALSE,325,329,Fairy_Steel,1,1,0,0,0,0,587
303,MawileMega Mawile,Steel,Fairy,480,50,105,125,55,95,50,3,FALSE,425,330,Fairy_Steel,4,0,0,0,1,0,309
304,Aron,Steel,Rock,330,50,70,100,40,40,30,3,FALSE,290,331,Rock_Steel,1,0,0,0,0,0,655
305,Lairon,Steel,Rock,430,60,90,140,50,50,40,3,FALSE,380,332,Rock_Steel,2,0,0,0,0,0,455
306,Aggron,Steel,Rock,530,70,110,180,60,60,50,3,FALSE,470,333,Rock_Steel,3,1,0,0,0,0,141
306,AggronMega Aggron,Steel,Only,630,70,140,230,60,80,50,3,FALSE,570,334,Steel,4,0,0,0,3,0,18
307,Meditite,Fighting,Psychic,280,30,40,55,40,55,60,3,FALSE,240,335,Fighting_Psychic,1,0,0,0,0,0,808
308,Medicham,Fighting,Psychic,410,60,60,75,60,75,80,3,FALSE,350,336,Fighting_Psychic,2,1,0,0,0,0,530
308,MedichamMega Medicham,Fighting,Psychic,510,60,100,85,80,85,100,3,FALSE,430,337,Fighting_Psychic,4,0,0,0,2,0,283
309,Electrike,Electric,Only,295,40,45,40,65,40,65,3,FALSE,250,338,Electric,1,0,0,0,0,0,781
310,Manectric,Electric,Only,475,70,75,60,105,60,105,3,FALSE,400,339,Electric,2,1,0,0,0,0,400
310,ManectricMega Manectric,Electric,Only,575,70,75,80,135,80,135,3,FALSE,500,340,Electric,4,0,0,0,2,0,87
311,Plusle,Electric,Only,405,60,50,40,85,75,95,3,FALSE,355,341,Electric,1,1,0,0,0,0,514
312,Minun,Electric,Only,405,60,40,50,75,85,95,3,FALSE,365,342,Electric,1,1,0,0,0,0,489
313,Volbeat,Bug,Only,400,65,73,55,47,75,85,3,FALSE,353,343,Bug,1,0,0,0,0,0,525
314,Illumise,Bug,Only,400,65,47,55,73,75,85,3,FALSE,353,344,Bug,2,1,0,0,0,0,525
315,Roselia,Grass,Poison,400,50,60,45,100,80,65,3,FALSE,340,345,Grass_Poison,1,1,0,0,0,0,560
316,Gulpin,Poison,Only,302,70,43,53,43,53,40,3,FALSE,259,346,Poison,1,0,0,0,0,0,757
317,Swalot,Poison,Only,467,100,73,83,73,83,55,3,FALSE,394,347,Poison,2,1,0,0,0,0,425
318,Carvanha,Water,Dark,305,45,90,20,65,20,65,3,FALSE,240,348,Dark_Water,1,0,0,0,0,0,808
319,Sharpedo,Water,Dark,460,70,120,40,95,40,95,3,FALSE,365,349,Dark_Water,2,1,0,0,0,0,489
319,SharpedoMega Sharpedo,Water,Dark,560,70,140,70,110,65,105,3,FALSE,450,350,Dark_Water,4,0,0,0,2,0,196
320,Wailmer,Water,Only,400,130,70,35,70,35,60,3,FALSE,330,351,Water,1,0,0,0,0,0,571
321,Wailord,Water,Only,500,170,90,45,90,45,60,3,FALSE,410,352,Water,2,1,0,0,0,0,358
322,Numel,Fire,Ground,305,60,60,40,65,45,35,3,FALSE,245,353,Fire_Ground,1,0,0,0,0,0,796
323,Camerupt,Fire,Ground,460,70,100,70,105,75,40,3,FALSE,360,354,Fire_Ground,2,1,0,0,0,0,502
323,CameruptMega Camerupt,Fire,Ground,560,70,120,100,145,105,20,3,FALSE,440,355,Fire_Ground,4,0,0,0,2,0,239
324,Torkoal,Fire,Only,470,70,85,140,85,70,20,3,FALSE,385,356,Fire,1,1,0,0,0,0,447
325,Spoink,Psychic,Only,330,60,25,35,70,80,60,3,FALSE,305,357,Psychic,1,0,0,0,0,0,619
326,Grumpig,Psychic,Only,470,80,45,65,90,110,80,3,FALSE,425,358,Psychic,2,1,0,0,0,0,309
327,Spinda,Normal,Only,360,60,60,60,60,60,60,3,FALSE,300,359,Normal,1,1,0,0,0,0,625
328,Trapinch,Ground,Only,290,45,100,45,45,45,10,3,FALSE,245,360,Ground,1,0,0,0,0,0,796
329,Vibrava,Ground,Dragon,340,50,70,50,50,50,70,3,FALSE,290,361,Dragon_Ground,2,0,0,0,0,0,655
330,Flygon,Ground,Dragon,520,80,100,80,80,80,100,3,FALSE,440,362,Dragon_Ground,3,1,0,0,0,0,239
331,Cacnea,Grass,Only,335,50,85,40,85,40,35,3,FALSE,250,363,Grass,1,0,0,0,0,0,781
332,Cacturne,Grass,Dark,475,70,115,60,115,60,55,3,FALSE,360,364,Dark_Grass,2,1,0,0,0,0,502
333,Swablu,Normal,Flying,310,45,40,60,40,75,50,3,FALSE,270,365,Flying_Normal,1,0,0,0,0,0,704
334,Altaria,Dragon,Flying,490,75,70,90,70,105,80,3,FALSE,420,366,Dragon_Flying,2,1,0,0,0,0,327
334,AltariaMega Altaria,Dragon,Fairy,590,75,110,110,110,105,80,3,FALSE,480,367,Dragon_Fairy,4,0,0,0,2,0,125
335,Zangoose,Normal,Only,458,73,115,60,60,60,90,3,FALSE,398,368,Normal,1,1,0,0,0,0,415
336,Seviper,Poison,Only,458,73,100,60,100,60,65,3,FALSE,358,369,Poison,1,1,0,0,0,0,512
337,Lunatone,Rock,Psychic,440,70,55,65,95,85,70,3,FALSE,385,370,Psychic_Rock,1,1,0,0,0,0,447
338,Solrock,Rock,Psychic,440,70,95,85,55,65,70,3,FALSE,385,371,Psychic_Rock,1,1,0,0,0,0,447
339,Barboach,Water,Ground,288,50,48,43,46,41,60,3,FALSE,242,372,Ground_Water,1,0,0,0,0,0,807
340,Whiscash,Water,Ground,468,110,78,73,76,71,60,3,FALSE,392,373,Ground_Water,2,1,0,0,0,0,428
341,Corphish,Water,Only,308,43,80,65,50,35,35,3,FALSE,258,374,Water,1,0,0,0,0,0,760
342,Crawdaunt,Water,Dark,468,63,120,85,90,55,55,3,FALSE,378,375,Dark_Water,2,1,0,0,0,0,465
343,Baltoy,Ground,Psychic,300,40,40,55,40,70,55,3,FALSE,260,376,Ground_Psychic,1,0,0,0,0,0,745
344,Claydol,Ground,Psychic,500,60,70,105,70,120,75,3,FALSE,430,377,Ground_Psychic,2,1,0,0,0,0,283
345,Lileep,Rock,Grass,355,66,41,77,61,87,23,3,FALSE,314,378,Grass_Rock,1,0,0,0,0,0,607
346,Cradily,Rock,Grass,495,86,81,97,81,107,43,3,FALSE,414,379,Grass_Rock,2,1,0,0,0,0,352
347,Anorith,Rock,Bug,355,45,95,50,40,50,75,3,FALSE,315,380,Bug_Rock,1,0,0,0,0,0,602
348,Armaldo,Rock,Bug,495,75,125,100,70,80,45,3,FALSE,425,381,Bug_Rock,2,1,0,0,0,0,309
349,Feebas,Water,Only,200,20,15,20,10,55,80,3,FALSE,190,382,Water,1,0,0,0,0,0,865
350,Milotic,Water,Only,540,95,60,79,100,125,81,3,FALSE,480,383,Water,2,1,0,0,0,0,125
351,Castform,Normal,Only,420,70,70,70,70,70,70,3,FALSE,350,384,Normal,1,1,0,0,0,0,530
352,Kecleon,Normal,Only,440,60,90,70,60,120,40,3,FALSE,380,385,Normal,1,1,0,0,0,0,455
353,Shuppet,Ghost,Only,295,44,75,35,63,33,45,3,FALSE,232,386,Ghost,1,0,0,0,0,0,826
354,Banette,Ghost,Only,455,64,115,65,83,63,65,3,FALSE,372,387,Ghost,2,1,0,0,0,0,479
354,BanetteMega Banette,Ghost,Only,555,64,165,75,93,83,75,3,FALSE,462,388,Ghost,4,0,0,0,2,0,160
355,Duskull,Ghost,Only,295,20,40,90,30,90,25,3,FALSE,265,389,Ghost,1,0,0,0,0,0,726
356,Dusclops,Ghost,Only,455,40,70,130,60,130,25,3,FALSE,395,390,Ghost,2,1,0,0,0,0,416
357,Tropius,Grass,Flying,460,99,68,83,72,87,51,3,FALSE,392,391,Flying_Grass,1,1,0,0,0,0,428
358,Chimecho,Psychic,Only,425,65,50,70,95,80,65,3,FALSE,375,392,Psychic,1,1,0,0,0,0,467
359,Absol,Dark,Only,465,65,130,60,75,60,75,3,FALSE,390,393,Dark,1,1,0,0,0,0,434
359,AbsolMega Absol,Dark,Only,565,65,150,60,115,60,115,3,FALSE,450,394,Dark,4,0,0,0,1,0,196
360,Wynaut,Psychic,Only,260,95,23,48,23,48,23,3,FALSE,237,395,Psychic,0,0,0,0,0,0,820
361,Snorunt,Ice,Only,300,50,50,50,50,50,50,3,FALSE,250,396,Ice,1,0,0,0,0,0,781
362,Glalie,Ice,Only,480,80,80,80,80,80,80,3,FALSE,400,397,Ice,2,1,0,0,0,0,400
362,GlalieMega Glalie,Ice,Only,580,80,120,80,120,80,100,3,FALSE,460,398,Ice,4,0,0,0,2,0,162
363,Spheal,Ice,Water,290,70,40,50,55,50,25,3,FALSE,250,399,Ice_Water,1,0,0,0,0,0,781
364,Sealeo,Ice,Water,410,90,60,70,75,70,45,3,FALSE,350,400,Ice_Water,2,0,0,0,0,0,530
365,Walrein,Ice,Water,530,110,80,90,95,90,65,3,FALSE,450,401,Ice_Water,3,1,0,0,0,0,196
366,Clamperl,Water,Only,345,35,64,85,74,55,32,3,FALSE,281,402,Water,1,0,0,0,0,0,674
367,Huntail,Water,Only,485,55,104,105,94,75,52,3,FALSE,391,403,Water,2,1,0,0,0,0,432
368,Gorebyss,Water,Only,485,55,84,105,114,75,52,3,FALSE,401,404,Water,2,1,0,0,0,0,399
369,Relicanth,Water,Rock,485,100,90,130,45,65,55,3,FALSE,440,405,Rock_Water,1,1,0,0,0,0,239
370,Luvdisc,Water,Only,330,43,30,55,40,65,97,3,FALSE,300,406,Water,1,1,0,0,0,0,625
371,Bagon,Dragon,Only,300,45,75,60,40,30,50,3,FALSE,260,407,Dragon,1,0,0,0,0,0,745
372,Shelgon,Dragon,Only,420,65,95,100,60,50,50,3,FALSE,360,408,Dragon,2,0,0,0,0,0,502
373,Salamence,Dragon,Flying,600,95,135,80,110,80,100,3,FALSE,490,409,Dragon_Flying,3,1,0,0,0,0,110
373,SalamenceMega Salamence,Dragon,Flying,700,95,145,130,120,90,120,3,FALSE,580,410,Dragon_Flying,4,0,0,0,3,0,12
374,Beldum,Steel,Psychic,300,40,55,80,35,60,30,3,FALSE,265,411,Psychic_Steel,1,0,0,0,0,0,726
375,Metang,Steel,Psychic,420,60,75,100,55,80,50,3,FALSE,365,412,Psychic_Steel,2,0,0,0,0,0,489
376,Metagross,Steel,Psychic,600,80,135,130,95,90,70,3,FALSE,505,413,Psychic_Steel,3,1,0,0,0,0,79
376,MetagrossMega Metagross,Steel,Psychic,700,80,145,150,105,110,110,3,FALSE,595,414,Psychic_Steel,4,0,0,0,3,0,9
377,Regirock,Rock,Only,580,80,100,200,50,100,50,3,TRUE,530,415,Rock,1,1,0,0,0,0,45
378,Regice,Ice,Only,580,80,50,100,100,200,50,3,TRUE,530,416,Ice,1,1,0,0,0,0,45
379,Registeel,Steel,Only,580,80,75,150,75,150,50,3,TRUE,505,417,Steel,1,1,0,0,0,0,79
380,Latias,Dragon,Psychic,600,80,80,90,110,130,110,3,TRUE,520,418,Dragon_Psychic,1,1,0,0,0,0,59
380,LatiasMega Latias,Dragon,Psychic,700,80,100,120,140,150,110,3,TRUE,600,419,Dragon_Psychic,4,0,0,0,1,0,6
381,Latios,Dragon,Psychic,600,80,90,80,130,110,110,3,TRUE,510,420,Dragon_Psychic,1,1,0,0,0,0,70
381,LatiosMega Latios,Dragon,Psychic,700,80,130,100,160,120,110,3,TRUE,570,421,Dragon_Psychic,4,0,0,0,1,0,18
382,Kyogre,Water,Only,670,100,100,90,150,140,90,3,TRUE,570,422,Water,1,1,0,0,0,0,18
382,KyogrePrimal Kyogre,Water,Only,770,100,150,90,180,160,90,3,TRUE,620,423,Water,4,0,0,0,1,0,3
383,Groudon,Ground,Only,670,100,150,140,100,90,90,3,TRUE,570,424,Ground,1,1,0,0,0,0,18
383,GroudonPrimal Groudon,Ground,Fire,770,100,180,160,150,90,90,3,TRUE,620,425,Fire_Ground,4,0,0,0,1,0,3
384,Rayquaza,Dragon,Flying,680,105,150,90,150,90,95,3,TRUE,530,426,Dragon_Flying,1,1,0,0,0,0,45
384,RayquazaMega Rayquaza,Dragon,Flying,780,105,180,100,180,100,115,3,TRUE,600,427,Dragon_Flying,4,0,0,0,1,0,6
385,Jirachi,Steel,Psychic,600,100,100,100,100,100,100,3,TRUE,500,428,Psychic_Steel,1,1,0,0,0,0,87
386,DeoxysNormal Forme,Psychic,Only,600,50,150,50,150,50,150,3,TRUE,450,429,Psychic,1,1,0,0,0,1,196
386,DeoxysAttack Forme,Psychic,Only,600,50,180,20,180,20,150,3,TRUE,420,430,Psychic,1,1,0,0,0,1,327
386,DeoxysDefense Forme,Psychic,Only,600,50,70,160,70,160,90,3,TRUE,530,431,Psychic,1,1,0,0,0,1,45
386,DeoxysSpeed Forme,Psychic,Only,600,50,95,90,95,90,180,3,TRUE,505,432,Psychic,1,1,0,0,0,1,79
387,Turtwig,Grass,Only,318,55,68,64,45,55,31,4,FALSE,273,433,Grass,1,0,0,1,0,0,699
388,Grotle,Grass,Only,405,75,89,85,55,65,36,4,FALSE,350,434,Grass,2,0,0,1,0,0,530
389,Torterra,Grass,Ground,525,95,109,105,75,85,56,4,FALSE,450,435,Grass_Ground,3,1,0,1,0,0,196
390,Chimchar,Fire,Only,309,44,58,44,58,44,61,4,FALSE,251,436,Fire,1,0,0,1,0,0,778
391,Monferno,Fire,Fighting,405,64,78,52,78,52,81,4,FALSE,327,437,Fighting_Fire,2,0,0,1,0,0,583
392,Infernape,Fire,Fighting,534,76,104,71,104,71,108,4,FALSE,430,438,Fighting_Fire,3,1,0,1,0,0,283
393,Piplup,Water,Only,314,53,51,53,61,56,40,4,FALSE,263,439,Water,1,0,0,1,0,0,736
394,Prinplup,Water,Only,405,64,66,68,81,76,50,4,FALSE,339,440,Water,2,0,0,1,0,0,565
395,Empoleon,Water,Steel,530,84,86,88,111,101,60,4,FALSE,444,441,Steel_Water,3,1,0,1,0,0,232
396,Starly,Normal,Flying,245,40,55,30,30,30,60,4,FALSE,215,442,Flying_Normal,1,0,0,0,0,0,848
397,Staravia,Normal,Flying,340,55,75,50,40,40,80,4,FALSE,300,443,Flying_Normal,2,0,0,0,0,0,625
398,Staraptor,Normal,Flying,485,85,120,70,50,60,100,4,FALSE,435,444,Flying_Normal,3,1,0,0,0,0,258
399,Bidoof,Normal,Only,250,59,45,40,35,40,31,4,FALSE,215,445,Normal,1,0,0,0,0,0,848
400,Bibarel,Normal,Water,410,79,85,60,55,60,71,4,FALSE,355,446,Normal_Water,2,1,0,0,0,0,514
401,Kricketot,Bug,Only,194,37,25,41,25,41,25,4,FALSE,169,447,Bug,1,0,0,0,0,0,888
402,Kricketune,Bug,Only,384,77,85,51,55,51,65,4,FALSE,329,448,Bug,2,1,0,0,0,0,582
403,Shinx,Electric,Only,263,45,65,34,40,34,45,4,FALSE,223,449,Electric,1,0,0,0,0,0,842
404,Luxio,Electric,Only,363,60,85,49,60,49,60,4,FALSE,303,450,Electric,2,0,0,0,0,0,621
405,Luxray,Electric,Only,523,80,120,79,95,79,70,4,FALSE,428,451,Electric,3,1,0,0,0,0,299
406,Budew,Grass,Poison,280,40,30,35,50,70,55,4,FALSE,250,452,Grass_Poison,1,0,0,0,0,0,781
407,Roserade,Grass,Poison,515,60,70,65,125,105,90,4,FALSE,445,453,Grass_Poison,2,1,0,0,0,0,219
408,Cranidos,Rock,Only,350,67,125,40,30,30,58,4,FALSE,320,454,Rock,1,0,0,0,0,0,594
409,Rampardos,Rock,Only,495,97,165,60,65,50,58,4,FALSE,430,455,Rock,2,1,0,0,0,0,283
410,Shieldon,Rock,Steel,350,30,42,118,42,88,30,4,FALSE,308,456,Rock_Steel,1,0,0,0,0,0,614
411,Bastiodon,Rock,Steel,495,60,52,168,47,138,30,4,FALSE,448,457,Rock_Steel,2,1,0,0,0,0,216
412,Burmy,Bug,Only,224,40,29,45,29,45,36,4,FALSE,195,458,Bug,1,0,0,0,0,0,862
413,WormadamPlant Cloak,Bug,Grass,424,60,59,85,79,105,36,4,FALSE,365,459,Bug_Grass,2,1,0,0,0,1,489
413,WormadamSandy Cloak,Bug,Ground,424,60,79,105,59,85,36,4,FALSE,365,460,Bug_Ground,2,1,0,0,0,1,489
413,WormadamTrash Cloak,Bug,Steel,424,60,69,95,69,95,36,4,FALSE,355,461,Bug_Steel,2,1,0,0,0,1,514
414,Mothim,Bug,Flying,424,70,94,50,94,50,66,4,FALSE,330,462,Bug_Flying,2,1,0,0,0,0,571
415,Combee,Bug,Flying,244,30,30,42,30,42,70,4,FALSE,214,463,Bug_Flying,1,0,0,0,0,0,854
416,Vespiquen,Bug,Flying,474,70,80,102,80,102,40,4,FALSE,394,464,Bug_Flying,2,1,0,0,0,0,425
417,Pachirisu,Electric,Only,405,60,45,70,45,90,95,4,FALSE,360,465,Electric,1,1,0,0,0,0,502
418,Buizel,Water,Only,330,55,65,35,60,30,85,4,FALSE,270,466,Water,1,0,0,0,0,0,704
419,Floatzel,Water,Only,495,85,105,55,85,50,115,4,FALSE,410,467,Water,2,1,0,0,0,0,358
420,Cherubi,Grass,Only,275,45,35,45,62,53,35,4,FALSE,240,468,Grass,1,0,0,0,0,0,808
421,Cherrim,Grass,Only,450,70,60,70,87,78,85,4,FALSE,390,469,Grass,2,1,0,0,0,0,434
422,Shellos,Water,Only,325,76,48,48,57,62,34,4,FALSE,277,470,Water,1,0,0,0,0,0,689
423,Gastrodon,Water,Ground,475,111,83,68,92,82,39,4,FALSE,392,471,Ground_Water,2,1,0,0,0,0,428
424,Ambipom,Normal,Only,482,75,100,66,60,66,115,4,FALSE,422,472,Normal,2,0,1,0,0,0,325
425,Drifloon,Ghost,Flying,348,90,50,34,60,44,70,4,FALSE,298,473,Flying_Ghost,1,0,0,0,0,0,635
426,Drifblim,Ghost,Flying,498,150,80,44,90,54,80,4,FALSE,418,474,Flying_Ghost,2,1,0,0,0,0,338
427,Buneary,Normal,Only,350,55,66,44,44,56,85,4,FALSE,306,475,Normal,1,0,0,0,0,0,617
428,Lopunny,Normal,Only,480,65,76,84,54,96,105,4,FALSE,426,476,Normal,2,1,0,0,0,0,304
428,LopunnyMega Lopunny,Normal,Fighting,580,65,136,94,54,96,135,4,FALSE,526,477,Fighting_Normal,4,0,0,0,2,0,55
429,Mismagius,Ghost,Only,495,60,60,60,105,105,105,4,FALSE,435,478,Ghost,2,0,1,0,0,0,258
430,Honchkrow,Dark,Flying,505,100,125,52,105,52,71,4,FALSE,400,479,Dark_Flying,2,0,1,0,0,0,400
431,Glameow,Normal,Only,310,49,55,42,42,37,85,4,FALSE,268,480,Normal,1,0,0,0,0,0,718
432,Purugly,Normal,Only,452,71,82,64,64,59,112,4,FALSE,388,481,Normal,2,1,0,0,0,0,444
433,Chingling,Psychic,Only,285,45,30,50,65,50,45,4,FALSE,255,482,Psychic,2,0,1,0,0,0,766
434,Stunky,Poison,Dark,329,63,63,47,41,41,74,4,FALSE,288,483,Dark_Poison,1,0,0,0,0,0,667
435,Skuntank,Poison,Dark,479,103,93,67,71,61,84,4,FALSE,408,484,Dark_Poison,2,1,0,0,0,0,372
436,Bronzor,Steel,Psychic,300,57,24,86,24,86,23,4,FALSE,276,485,Psychic_Steel,1,0,0,0,0,0,691
437,Bronzong,Steel,Psychic,500,67,89,116,79,116,33,4,FALSE,421,486,Psychic_Steel,2,1,0,0,0,0,326
438,Bonsly,Rock,Only,290,50,80,95,10,45,10,4,FALSE,280,487,Rock,0,0,0,0,0,0,677
439,Mime Jr.,Psychic,Fairy,310,20,25,45,70,90,60,4,FALSE,285,488,Fairy_Psychic,0,0,0,0,0,0,669
440,Happiny,Normal,Only,220,100,5,5,15,65,30,4,FALSE,215,489,Normal,0,0,0,0,0,0,848
441,Chatot,Normal,Flying,411,76,65,45,92,42,91,4,FALSE,346,490,Flying_Normal,1,1,0,0,0,0,545
442,Spiritomb,Ghost,Dark,485,50,92,108,92,108,35,4,FALSE,393,491,Dark_Ghost,1,1,0,0,0,0,427
443,Gible,Dragon,Ground,300,58,70,45,40,45,42,4,FALSE,260,492,Dragon_Ground,1,0,0,0,0,0,745
444,Gabite,Dragon,Ground,410,68,90,65,50,55,82,4,FALSE,360,493,Dragon_Ground,2,0,0,0,0,0,502
445,Garchomp,Dragon,Ground,600,108,130,95,80,85,102,4,FALSE,520,494,Dragon_Ground,3,1,0,0,0,0,59
445,GarchompMega Garchomp,Dragon,Ground,700,108,170,115,120,95,92,4,FALSE,580,495,Dragon_Ground,4,0,0,0,3,0,12
446,Munchlax,Normal,Only,390,135,85,40,40,85,5,4,FALSE,350,496,Normal,0,0,0,0,0,0,530
447,Riolu,Fighting,Only,285,40,70,40,35,40,60,4,FALSE,250,497,Fighting,1,0,0,0,0,0,781
448,Lucario,Fighting,Steel,525,70,110,70,115,70,90,4,FALSE,415,498,Fighting_Steel,2,1,0,0,0,0,345
448,LucarioMega Lucario,Fighting,Steel,625,70,145,88,140,70,112,4,FALSE,485,499,Fighting_Steel,4,0,0,0,2,0,119
449,Hippopotas,Ground,Only,330,68,72,78,38,42,32,4,FALSE,292,500,Ground,1,0,0,0,0,0,649
450,Hippowdon,Ground,Only,525,108,112,118,68,72,47,4,FALSE,457,501,Ground,2,1,0,0,0,0,172
451,Skorupi,Poison,Bug,330,40,50,90,30,55,65,4,FALSE,300,502,Bug_Poison,1,0,0,0,0,0,625
452,Drapion,Poison,Dark,500,70,90,110,60,75,95,4,FALSE,440,503,Dark_Poison,2,1,0,0,0,0,239
453,Croagunk,Poison,Fighting,300,48,61,40,61,40,50,4,FALSE,239,504,Fighting_Poison,1,0,0,0,0,0,816
454,Toxicroak,Poison,Fighting,490,83,106,65,86,65,85,4,FALSE,404,505,Fighting_Poison,2,1,0,0,0,0,394
455,Carnivine,Grass,Only,454,74,100,72,90,72,46,4,FALSE,364,506,Grass,1,1,0,0,0,0,499
456,Finneon,Water,Only,330,49,49,56,49,61,66,4,FALSE,281,507,Water,1,0,0,0,0,0,674
457,Lumineon,Water,Only,460,69,69,76,69,86,91,4,FALSE,391,508,Water,2,1,0,0,0,0,432
458,Mantyke,Water,Flying,345,45,20,50,60,120,50,4,FALSE,325,509,Flying_Water,0,0,0,0,0,0,587
459,Snover,Grass,Ice,334,60,62,50,62,60,40,4,FALSE,272,510,Grass_Ice,1,0,0,0,0,0,701
460,Abomasnow,Grass,Ice,494,90,92,75,92,85,60,4,FALSE,402,511,Grass_Ice,2,1,0,0,0,0,397
460,AbomasnowMega Abomasnow,Grass,Ice,594,90,132,105,132,105,30,4,FALSE,462,512,Grass_Ice,4,0,0,0,2,0,160
461,Weavile,Dark,Ice,510,70,120,65,45,85,125,4,FALSE,465,513,Dark_Ice,2,0,1,0,0,0,148
462,Magnezone,Electric,Steel,535,70,70,115,130,90,60,4,FALSE,465,514,Electric_Steel,3,0,1,0,0,0,148
463,Lickilicky,Normal,Only,515,110,85,95,80,95,50,4,FALSE,435,515,Normal,2,0,1,0,0,0,258
464,Rhyperior,Ground,Rock,535,115,140,130,55,55,40,4,FALSE,480,516,Ground_Rock,3,0,1,0,0,0,125
465,Tangrowth,Grass,Only,535,100,100,125,110,50,50,4,FALSE,435,517,Grass,2,0,1,0,0,0,258
466,Electivire,Electric,Only,540,75,123,67,95,85,95,4,FALSE,445,518,Electric,2,0,1,0,0,0,219
467,Magmortar,Fire,Only,540,75,95,67,125,95,83,4,FALSE,445,519,Fire,2,0,1,0,0,0,219
468,Togekiss,Fairy,Flying,545,85,50,95,120,115,80,4,FALSE,495,520,Fairy_Flying,2,0,1,0,0,0,102
469,Yanmega,Bug,Flying,515,86,76,86,116,56,95,4,FALSE,439,521,Bug_Flying,2,0,1,0,0,0,250
470,Leafeon,Grass,Only,525,65,110,130,60,65,95,4,FALSE,465,522,Grass,2,0,1,0,0,0,148
471,Glaceon,Ice,Only,525,65,60,110,130,95,65,4,FALSE,465,523,Ice,2,0,1,0,0,0,148
472,Gliscor,Ground,Flying,510,75,95,125,45,75,95,4,FALSE,465,524,Flying_Ground,2,0,1,0,0,0,148
473,Mamoswine,Ice,Ground,530,110,130,80,70,60,80,4,FALSE,460,525,Ground_Ice,3,0,1,0,0,0,162
474,Porygon-Z,Normal,Only,535,85,80,70,135,75,90,4,FALSE,455,526,Normal,3,0,1,0,0,0,175
475,Gallade,Psychic,Fighting,518,68,125,65,65,115,80,4,FALSE,453,527,Fighting_Psychic,3,0,1,0,0,0,190
475,GalladeMega Gallade,Psychic,Fighting,618,68,165,95,65,115,110,4,FALSE,553,528,Fighting_Psychic,4,0,0,0,3,0,34
476,Probopass,Rock,Steel,525,60,55,145,75,150,40,4,FALSE,470,529,Rock_Steel,2,0,1,0,0,0,141
477,Dusknoir,Ghost,Only,525,45,100,135,65,135,45,4,FALSE,460,530,Ghost,3,0,1,0,0,0,162
478,Froslass,Ice,Ghost,480,70,80,70,80,70,110,4,FALSE,400,531,Ghost_Ice,2,0,1,0,0,0,400
479,Rotom,Electric,Ghost,440,50,50,77,95,77,91,4,FALSE,390,532,Electric_Ghost,1,1,0,0,0,0,434
479,RotomHeat Rotom,Electric,Fire,520,50,65,107,105,107,86,4,FALSE,455,533,Electric_Fire,1,1,0,0,0,1,175
479,RotomWash Rotom,Electric,Water,520,50,65,107,105,107,86,4,FALSE,455,534,Electric_Water,1,1,0,0,0,1,175
479,RotomFrost Rotom,Electric,Ice,520,50,65,107,105,107,86,4,FALSE,455,535,Electric_Ice,1,1,0,0,0,1,175
479,RotomFan Rotom,Electric,Flying,520,50,65,107,105,107,86,4,FALSE,455,536,Electric_Flying,1,1,0,0,0,1,175
479,RotomMow Rotom,Electric,Grass,520,50,65,107,105,107,86,4,FALSE,455,537,Electric_Grass,1,1,0,0,0,1,175
480,Uxie,Psychic,Only,580,75,75,130,75,130,95,4,TRUE,505,538,Psychic,1,1,0,0,0,0,79
481,Mesprit,Psychic,Only,580,80,105,105,105,105,80,4,TRUE,475,539,Psychic,1,1,0,0,0,0,135
482,Azelf,Psychic,Only,580,75,125,70,125,70,115,4,TRUE,455,540,Psychic,1,1,0,0,0,0,175
483,Dialga,Steel,Dragon,680,100,120,120,150,100,90,4,TRUE,560,541,Dragon_Steel,1,1,0,0,0,0,27
484,Palkia,Water,Dragon,680,90,120,100,150,120,100,4,TRUE,560,542,Dragon_Water,1,1,0,0,0,0,27
485,Heatran,Fire,Steel,600,91,90,106,130,106,77,4,TRUE,510,543,Fire_Steel,1,1,0,0,0,0,70
486,Regigigas,Normal,Only,670,110,160,110,80,110,100,4,TRUE,590,544,Normal,1,1,0,0,0,0,10
487,GiratinaAltered Forme,Ghost,Dragon,680,150,100,120,100,120,90,4,TRUE,580,545,Dragon_Ghost,1,1,0,0,0,1,12
487,GiratinaOrigin Forme,Ghost,Dragon,680,150,120,100,120,100,90,4,TRUE,560,546,Dragon_Ghost,1,1,0,0,0,1,27
488,Cresselia,Psychic,Only,600,120,70,120,75,130,85,4,FALSE,530,547,Psychic,1,1,0,0,0,0,45
489,Phione,Water,Only,480,80,80,80,80,80,80,4,FALSE,400,548,Water,1,1,0,0,0,0,400
490,Manaphy,Water,Only,600,100,100,100,100,100,100,4,FALSE,500,549,Water,1,1,0,0,0,0,87
491,Darkrai,Dark,Only,600,70,90,90,135,90,125,4,TRUE,510,550,Dark,1,1,0,0,0,0,70
492,ShayminLand Forme,Grass,Only,600,100,100,100,100,100,100,4,TRUE,500,551,Grass,1,1,0,0,0,1,87
492,ShayminSky Forme,Grass,Flying,600,100,103,75,120,75,127,4,TRUE,497,552,Flying_Grass,1,1,0,0,0,1,101
493,Arceus,Normal,Only,720,120,120,120,120,120,120,4,TRUE,600,553,Normal,1,1,0,0,0,0,6
494,Victini,Psychic,Fire,600,100,100,100,100,100,100,5,TRUE,500,554,Fire_Psychic,1,1,0,0,0,0,87
495,Snivy,Grass,Only,308,45,45,55,45,55,63,5,FALSE,263,555,Grass,1,0,0,1,0,0,736
496,Servine,Grass,Only,413,60,60,75,60,75,83,5,FALSE,353,556,Grass,2,0,0,1,0,0,525
497,Serperior,Grass,Only,528,75,75,95,75,95,113,5,FALSE,453,557,Grass,3,1,0,1,0,0,190
498,Tepig,Fire,Only,308,65,63,45,45,45,45,5,FALSE,263,558,Fire,1,0,0,1,0,0,736
499,Pignite,Fire,Fighting,418,90,93,55,70,55,55,5,FALSE,348,559,Fighting_Fire,2,0,0,1,0,0,543
500,Emboar,Fire,Fighting,528,110,123,65,100,65,65,5,FALSE,428,560,Fighting_Fire,3,1,0,1,0,0,299
501,Oshawott,Water,Only,308,55,55,45,63,45,45,5,FALSE,253,561,Water,1,0,0,1,0,0,776
502,Dewott,Water,Only,413,75,75,60,83,60,60,5,FALSE,338,562,Water,2,0,0,1,0,0,566
503,Samurott,Water,Only,528,95,100,85,108,70,70,5,FALSE,428,563,Water,3,1,0,1,0,0,299
504,Patrat,Normal,Only,255,45,55,39,35,39,42,5,FALSE,220,564,Normal,1,0,0,0,0,0,844
505,Watchog,Normal,Only,420,60,85,69,60,69,77,5,FALSE,360,565,Normal,2,1,0,0,0,0,502
506,Lillipup,Normal,Only,275,45,60,45,25,45,55,5,FALSE,250,566,Normal,1,0,0,0,0,0,781
507,Herdier,Normal,Only,370,65,80,65,35,65,60,5,FALSE,335,567,Normal,2,0,0,0,0,0,567
508,Stoutland,Normal,Only,500,85,110,90,45,90,80,5,FALSE,455,568,Normal,3,1,0,0,0,0,175
509,Purrloin,Dark,Only,281,41,50,37,50,37,66,5,FALSE,231,569,Dark,1,0,0,0,0,0,828
510,Liepard,Dark,Only,446,64,88,50,88,50,106,5,FALSE,358,570,Dark,2,1,0,0,0,0,512
511,Pansage,Grass,Only,316,50,53,48,53,48,64,5,FALSE,263,571,Grass,1,0,0,0,0,0,736
512,Simisage,Grass,Only,498,75,98,63,98,63,101,5,FALSE,400,572,Grass,2,1,0,0,0,0,400
513,Pansear,Fire,Only,316,50,53,48,53,48,64,5,FALSE,263,573,Fire,1,0,0,0,0,0,736
514,Simisear,Fire,Only,498,75,98,63,98,63,101,5,FALSE,400,574,Fire,2,1,0,0,0,0,400
515,Panpour,Water,Only,316,50,53,48,53,48,64,5,FALSE,263,575,Water,1,0,0,0,0,0,736
516,Simipour,Water,Only,498,75,98,63,98,63,101,5,FALSE,400,576,Water,2,1,0,0,0,0,400
517,Munna,Psychic,Only,292,76,25,45,67,55,24,5,FALSE,267,577,Psychic,1,0,0,0,0,0,722
518,Musharna,Psychic,Only,487,116,55,85,107,95,29,5,FALSE,432,578,Psychic,2,1,0,0,0,0,279
519,Pidove,Normal,Flying,264,50,55,50,36,30,43,5,FALSE,228,579,Flying_Normal,1,0,0,0,0,0,837
520,Tranquill,Normal,Flying,358,62,77,62,50,42,65,5,FALSE,308,580,Flying_Normal,2,0,0,0,0,0,614
521,Unfezant,Normal,Flying,488,80,115,80,65,55,93,5,FALSE,423,581,Flying_Normal,3,1,0,0,0,0,324
522,Blitzle,Electric,Only,295,45,60,32,50,32,76,5,FALSE,245,582,Electric,1,0,0,0,0,0,796
523,Zebstrika,Electric,Only,497,75,100,63,80,63,116,5,FALSE,417,583,Electric,2,1,0,0,0,0,342
524,Roggenrola,Rock,Only,280,55,75,85,25,25,15,5,FALSE,255,584,Rock,1,0,0,0,0,0,766
525,Boldore,Rock,Only,390,70,105,105,50,40,20,5,FALSE,340,585,Rock,2,0,0,0,0,0,560
526,Gigalith,Rock,Only,515,85,135,130,60,80,25,5,FALSE,455,586,Rock,3,1,0,0,0,0,175
527,Woobat,Psychic,Flying,313,55,45,43,55,43,72,5,FALSE,268,587,Flying_Psychic,1,0,0,0,0,0,718
528,Swoobat,Psychic,Flying,425,67,57,55,77,55,114,5,FALSE,368,588,Flying_Psychic,2,1,0,0,0,0,488
529,Drilbur,Ground,Only,328,60,85,40,30,45,68,5,FALSE,298,589,Ground,1,0,0,0,0,0,635
530,Excadrill,Ground,Steel,508,110,135,60,50,65,88,5,FALSE,458,590,Ground_Steel,2,1,0,0,0,0,171
531,Audino,Normal,Only,445,103,60,86,60,86,50,5,FALSE,385,591,Normal,1,1,0,0,0,0,447
531,AudinoMega Audino,Normal,Fairy,545,103,60,126,80,126,50,5,FALSE,485,592,Fairy_Normal,4,0,0,0,1,0,119
532,Timburr,Fighting,Only,305,75,80,55,25,35,35,5,FALSE,280,593,Fighting,1,0,0,0,0,0,677
533,Gurdurr,Fighting,Only,405,85,105,85,40,50,40,5,FALSE,365,594,Fighting,2,0,0,0,0,0,489
534,Conkeldurr,Fighting,Only,505,105,140,95,55,65,45,5,FALSE,450,595,Fighting,3,1,0,0,0,0,196
535,Tympole,Water,Only,294,50,50,40,50,40,64,5,FALSE,244,596,Water,1,0,0,0,0,0,805
536,Palpitoad,Water,Ground,384,75,65,55,65,55,69,5,FALSE,319,597,Ground_Water,2,0,0,0,0,0,599
537,Seismitoad,Water,Ground,509,105,95,75,85,75,74,5,FALSE,424,598,Ground_Water,3,1,0,0,0,0,323
538,Throh,Fighting,Only,465,120,100,85,30,85,45,5,FALSE,435,599,Fighting,1,1,0,0,0,0,258
539,Sawk,Fighting,Only,465,75,125,75,30,75,85,5,FALSE,435,600,Fighting,1,1,0,0,0,0,258
540,Sewaddle,Bug,Grass,310,45,53,70,40,60,42,5,FALSE,270,601,Bug_Grass,1,0,0,0,0,0,704
541,Swadloon,Bug,Grass,380,55,63,90,50,80,42,5,FALSE,330,602,Bug_Grass,2,0,0,0,0,0,571
542,Leavanny,Bug,Grass,500,75,103,80,70,80,92,5,FALSE,430,603,Bug_Grass,3,1,0,0,0,0,283
543,Venipede,Bug,Poison,260,30,45,59,30,39,57,5,FALSE,230,604,Bug_Poison,1,0,0,0,0,0,830
544,Whirlipede,Bug,Poison,360,40,55,99,40,79,47,5,FALSE,320,605,Bug_Poison,2,0,0,0,0,0,594
545,Scolipede,Bug,Poison,485,60,100,89,55,69,112,5,FALSE,430,606,Bug_Poison,3,1,0,0,0,0,283
546,Cottonee,Grass,Fairy,280,40,27,60,37,50,66,5,FALSE,253,607,Fairy_Grass,1,0,0,0,0,0,776
547,Whimsicott,Grass,Fairy,480,60,67,85,77,75,116,5,FALSE,413,608,Fairy_Grass,2,1,0,0,0,0,355
548,Petilil,Grass,Only,280,45,35,50,70,50,30,5,FALSE,245,609,Grass,1,0,0,0,0,0,796
549,Lilligant,Grass,Only,480,70,60,75,110,75,90,5,FALSE,420,610,Grass,2,1,0,0,0,0,327
550,Basculin,Water,Only,460,70,92,65,80,55,98,5,FALSE,380,611,Water,1,1,0,0,0,0,455
551,Sandile,Ground,Dark,292,50,72,35,35,35,65,5,FALSE,257,612,Dark_Ground,1,0,0,0,0,0,763
552,Krokorok,Ground,Dark,351,60,82,45,45,45,74,5,FALSE,306,613,Dark_Ground,2,0,0,0,0,0,617
553,Krookodile,Ground,Dark,519,95,117,80,65,70,92,5,FALSE,454,614,Dark_Ground,3,1,0,0,0,0,189
554,Darumaka,Fire,Only,315,70,90,45,15,45,50,5,FALSE,300,615,Fire,1,0,0,0,0,0,625
555,DarmanitanStandard Mode,Fire,Only,480,105,140,55,30,55,95,5,FALSE,450,616,Fire,2,1,0,0,0,1,196
555,DarmanitanZen Mode,Fire,Psychic,540,105,30,105,140,105,55,5,FALSE,510,617,Fire_Psychic,2,1,0,0,0,1,70
556,Maractus,Grass,Only,461,75,86,67,106,67,60,5,FALSE,375,618,Grass,1,1,0,0,0,0,467
557,Dwebble,Bug,Rock,325,50,65,85,35,35,55,5,FALSE,290,619,Bug_Rock,1,0,0,0,0,0,655
558,Crustle,Bug,Rock,475,70,95,125,65,75,45,5,FALSE,410,620,Bug_Rock,2,1,0,0,0,0,358
559,Scraggy,Dark,Fighting,348,50,75,70,35,70,48,5,FALSE,313,621,Dark_Fighting,1,0,0,0,0,0,608
560,Scrafty,Dark,Fighting,488,65,90,115,45,115,58,5,FALSE,443,622,Dark_Fighting,2,1,0,0,0,0,234
561,Sigilyph,Psychic,Flying,490,72,58,80,103,80,97,5,FALSE,432,623,Flying_Psychic,1,1,0,0,0,0,279
562,Yamask,Ghost,Only,303,38,30,85,55,65,30,5,FALSE,273,624,Ghost,1,0,0,0,0,0,699
563,Cofagrigus,Ghost,Only,483,58,50,145,95,105,30,5,FALSE,433,625,Ghost,2,1,0,0,0,0,276
564,Tirtouga,Water,Rock,355,54,78,103,53,45,22,5,FALSE,302,626,Rock_Water,1,0,0,0,0,0,623
565,Carracosta,Water,Rock,495,74,108,133,83,65,32,5,FALSE,412,627,Rock_Water,2,1,0,0,0,0,357
566,Archen,Rock,Flying,401,55,112,45,74,45,70,5,FALSE,327,628,Flying_Rock,1,0,0,0,0,0,583
567,Archeops,Rock,Flying,567,75,140,65,112,65,110,5,FALSE,455,629,Flying_Rock,2,1,0,0,0,0,175
568,Trubbish,Poison,Only,329,50,50,62,40,62,65,5,FALSE,289,630,Poison,1,0,0,0,0,0,664
569,Garbodor,Poison,Only,474,80,95,82,60,82,75,5,FALSE,414,631,Poison,2,1,0,0,0,0,352
570,Zorua,Dark,Only,330,40,65,40,80,40,65,5,FALSE,265,632,Dark,1,0,0,0,0,0,726
571,Zoroark,Dark,Only,510,60,105,60,120,60,105,5,FALSE,405,633,Dark,2,1,0,0,0,0,381
572,Minccino,Normal,Only,300,55,50,40,40,40,75,5,FALSE,260,634,Normal,1,0,0,0,0,0,745
573,Cinccino,Normal,Only,470,75,95,60,65,60,115,5,FALSE,405,635,Normal,2,1,0,0,0,0,381
574,Gothita,Psychic,Only,290,45,30,50,55,65,45,5,FALSE,260,636,Psychic,1,0,0,0,0,0,745
575,Gothorita,Psychic,Only,390,60,45,70,75,85,55,5,FALSE,345,637,Psychic,2,0,0,0,0,0,547
576,Gothitelle,Psychic,Only,490,70,55,95,95,110,65,5,FALSE,435,638,Psychic,3,1,0,0,0,0,258
577,Solosis,Psychic,Only,290,45,30,40,105,50,20,5,FALSE,260,639,Psychic,1,0,0,0,0,0,745
578,Duosion,Psychic,Only,370,65,40,50,125,60,30,5,FALSE,330,640,Psychic,2,0,0,0,0,0,571
579,Reuniclus,Psychic,Only,490,110,65,75,125,85,30,5,FALSE,425,641,Psychic,3,1,0,0,0,0,309
580,Ducklett,Water,Flying,305,62,44,50,44,50,55,5,FALSE,261,642,Flying_Water,1,0,0,0,0,0,744
581,Swanna,Water,Flying,473,75,87,63,87,63,98,5,FALSE,386,643,Flying_Water,2,1,0,0,0,0,446
582,Vanillite,Ice,Only,305,36,50,50,65,60,44,5,FALSE,255,644,Ice,1,0,0,0,0,0,766
583,Vanillish,Ice,Only,395,51,65,65,80,75,59,5,FALSE,330,645,Ice,2,0,0,0,0,0,571
584,Vanilluxe,Ice,Only,535,71,95,85,110,95,79,5,FALSE,440,646,Ice,3,1,0,0,0,0,239
585,Deerling,Normal,Grass,335,60,60,50,40,50,75,5,FALSE,295,647,Grass_Normal,1,0,0,0,0,0,639
586,Sawsbuck,Normal,Grass,475,80,100,70,60,70,95,5,FALSE,415,648,Grass_Normal,2,1,0,0,0,0,345
587,Emolga,Electric,Flying,428,55,75,60,75,60,103,5,FALSE,353,649,Electric_Flying,1,1,0,0,0,0,525
588,Karrablast,Bug,Only,315,50,75,45,40,45,60,5,FALSE,275,650,Bug,1,0,0,0,0,0,693
589,Escavalier,Bug,Steel,495,70,135,105,60,105,20,5,FALSE,435,651,Bug_Steel,2,1,0,0,0,0,258
590,Foongus,Grass,Poison,294,69,55,45,55,55,15,5,FALSE,239,652,Grass_Poison,1,0,0,0,0,0,816
591,Amoonguss,Grass,Poison,464,114,85,70,85,80,30,5,FALSE,379,653,Grass_Poison,2,1,0,0,0,0,464
592,Frillish,Water,Ghost,335,55,40,50,65,85,40,5,FALSE,295,654,Ghost_Water,1,0,0,0,0,0,639
593,Jellicent,Water,Ghost,480,100,60,70,85,105,60,5,FALSE,420,655,Ghost_Water,2,1,0,0,0,0,327
594,Alomomola,Water,Only,470,165,75,80,40,45,65,5,FALSE,430,656,Water,1,0,0,0,0,0,283
595,Joltik,Bug,Electric,319,50,47,50,57,50,65,5,FALSE,272,657,Bug_Electric,1,0,0,0,0,0,701
596,Galvantula,Bug,Electric,472,70,77,60,97,60,108,5,FALSE,395,658,Bug_Electric,2,1,0,0,0,0,416
597,Ferroseed,Grass,Steel,305,44,50,91,24,86,10,5,FALSE,281,659,Grass_Steel,1,0,0,0,0,0,674
598,Ferrothorn,Grass,Steel,489,74,94,131,54,116,20,5,FALSE,435,660,Grass_Steel,2,1,0,0,0,0,258
599,Klink,Steel,Only,300,40,55,70,45,60,30,5,FALSE,255,661,Steel,1,0,0,0,0,0,766
600,Klang,Steel,Only,440,60,80,95,70,85,50,5,FALSE,370,662,Steel,2,0,0,0,0,0,482
601,Klinklang,Steel,Only,520,60,100,115,70,85,90,5,FALSE,450,663,Steel,3,1,0,0,0,0,196
602,Tynamo,Electric,Only,275,35,55,40,45,40,60,5,FALSE,230,664,Electric,1,0,0,0,0,0,830
603,Eelektrik,Electric,Only,405,65,85,70,75,70,40,5,FALSE,330,665,Electric,2,0,0,0,0,0,571
604,Eelektross,Electric,Only,515,85,115,80,105,80,50,5,FALSE,410,666,Electric,3,1,0,0,0,0,358
605,Elgyem,Psychic,Only,335,55,55,55,85,55,30,5,FALSE,280,667,Psychic,1,0,0,0,0,0,677
606,Beheeyem,Psychic,Only,485,75,75,75,125,95,40,5,FALSE,410,668,Psychic,2,1,0,0,0,0,358
607,Litwick,Ghost,Fire,275,50,30,55,65,55,20,5,FALSE,245,669,Fire_Ghost,1,0,0,0,0,0,796
608,Lampent,Ghost,Fire,370,60,40,60,95,60,55,5,FALSE,330,670,Fire_Ghost,2,0,0,0,0,0,571
609,Chandelure,Ghost,Fire,520,60,55,90,145,90,80,5,FALSE,465,671,Fire_Ghost,3,1,0,0,0,0,148
610,Axew,Dragon,Only,320,46,87,60,30,40,57,5,FALSE,290,672,Dragon,1,0,0,0,0,0,655
611,Fraxure,Dragon,Only,410,66,117,70,40,50,67,5,FALSE,370,673,Dragon,2,0,0,0,0,0,482
612,Haxorus,Dragon,Only,540,76,147,90,60,70,97,5,FALSE,480,674,Dragon,3,1,0,0,0,0,125
613,Cubchoo,Ice,Only,305,55,70,40,60,40,40,5,FALSE,245,675,Ice,1,0,0,0,0,0,796
614,Beartic,Ice,Only,485,95,110,80,70,80,50,5,FALSE,415,676,Ice,2,1,0,0,0,0,345
615,Cryogonal,Ice,Only,485,70,50,30,95,135,105,5,FALSE,435,677,Ice,1,1,0,0,0,0,258
616,Shelmet,Bug,Only,305,50,40,85,40,65,25,5,FALSE,265,678,Bug,1,0,0,0,0,0,726
617,Accelgor,Bug,Only,495,80,70,40,100,60,145,5,FALSE,425,679,Bug,2,1,0,0,0,0,309
618,Stunfisk,Ground,Electric,471,109,66,84,81,99,32,5,FALSE,405,680,Electric_Ground,1,1,0,0,0,0,381
619,Mienfoo,Fighting,Only,350,45,85,50,55,50,65,5,FALSE,295,681,Fighting,1,0,0,0,0,0,639
620,Mienshao,Fighting,Only,510,65,125,60,95,60,105,5,FALSE,415,682,Fighting,2,1,0,0,0,0,345
621,Druddigon,Dragon,Only,485,77,120,90,60,90,48,5,FALSE,425,683,Dragon,1,1,0,0,0,0,309
622,Golett,Ground,Ghost,303,59,74,50,35,50,35,5,FALSE,268,684,Ghost_Ground,1,0,0,0,0,0,718
623,Golurk,Ground,Ghost,483,89,124,80,55,80,55,5,FALSE,428,685,Ghost_Ground,2,1,0,0,0,0,299
624,Pawniard,Dark,Steel,340,45,85,70,40,40,60,5,FALSE,300,686,Dark_Steel,1,0,0,0,0,0,625
625,Bisharp,Dark,Steel,490,65,125,100,60,70,70,5,FALSE,430,687,Dark_Steel,2,1,0,0,0,0,283
626,Bouffalant,Normal,Only,490,95,110,95,40,95,55,5,FALSE,450,688,Normal,1,1,0,0,0,0,196
627,Rufflet,Normal,Flying,350,70,83,50,37,50,60,5,FALSE,313,689,Flying_Normal,1,0,0,0,0,0,608
628,Braviary,Normal,Flying,510,100,123,75,57,75,80,5,FALSE,453,690,Flying_Normal,2,1,0,0,0,0,190
629,Vullaby,Dark,Flying,370,70,55,75,45,65,60,5,FALSE,325,691,Dark_Flying,1,0,0,0,0,0,587
630,Mandibuzz,Dark,Flying,510,110,65,105,55,95,80,5,FALSE,455,692,Dark_Flying,2,1,0,0,0,0,175
631,Heatmor,Fire,Only,484,85,97,66,105,66,65,5,FALSE,387,693,Fire,1,1,0,0,0,0,445
632,Durant,Bug,Steel,484,58,109,112,48,48,109,5,FALSE,436,694,Bug_Steel,1,1,0,0,0,0,253
633,Deino,Dark,Dragon,300,52,65,50,45,50,38,5,FALSE,255,695,Dark_Dragon,1,0,0,0,0,0,766
634,Zweilous,Dark,Dragon,420,72,85,70,65,70,58,5,FALSE,355,696,Dark_Dragon,2,0,0,0,0,0,514
635,Hydreigon,Dark,Dragon,600,92,105,90,125,90,98,5,FALSE,495,697,Dark_Dragon,3,1,0,0,0,0,102
636,Larvesta,Bug,Fire,360,55,85,55,50,55,60,5,FALSE,310,698,Bug_Fire,1,0,0,0,0,0,610
637,Volcarona,Bug,Fire,550,85,60,65,135,105,100,5,FALSE,490,699,Bug_Fire,2,1,0,0,0,0,110
638,Cobalion,Steel,Fighting,580,91,90,129,90,72,108,5,TRUE,490,700,Fighting_Steel,1,1,0,0,0,0,110
639,Terrakion,Rock,Fighting,580,91,129,90,72,90,108,5,TRUE,508,701,Fighting_Rock,1,1,0,0,0,0,76
640,Virizion,Grass,Fighting,580,91,90,72,90,129,108,5,TRUE,490,702,Fighting_Grass,1,1,0,0,0,0,110
641,TornadusIncarnate Forme,Flying,Only,580,79,115,70,125,80,111,5,TRUE,465,703,Flying,1,1,0,0,0,1,148
641,TornadusTherian Forme,Flying,Only,580,79,100,80,110,90,121,5,TRUE,480,704,Flying,1,1,0,0,0,1,125
642,ThundurusIncarnate Forme,Electric,Flying,580,79,115,70,125,80,111,5,TRUE,465,705,Electric_Flying,1,1,0,0,0,1,148
642,ThundurusTherian Forme,Electric,Flying,580,79,105,70,145,80,101,5,TRUE,475,706,Electric_Flying,1,1,0,0,0,1,135
643,Reshiram,Dragon,Fire,680,100,120,100,150,120,90,5,TRUE,560,707,Dragon_Fire,1,1,0,0,0,0,27
644,Zekrom,Dragon,Electric,680,100,150,120,120,100,90,5,TRUE,560,708,Dragon_Electric,1,1,0,0,0,0,27
645,LandorusIncarnate Forme,Ground,Flying,600,89,125,90,115,80,101,5,TRUE,485,709,Flying_Ground,1,1,0,0,0,1,119
645,LandorusTherian Forme,Ground,Flying,600,89,145,90,105,80,91,5,TRUE,495,710,Flying_Ground,1,1,0,0,0,1,102
646,Kyurem,Dragon,Ice,660,125,130,90,130,90,95,5,TRUE,530,711,Dragon_Ice,1,1,0,0,0,0,45
646,KyuremBlack Kyurem,Dragon,Ice,700,125,170,100,120,90,95,5,TRUE,580,712,Dragon_Ice,1,1,0,0,0,1,12
646,KyuremWhite Kyurem,Dragon,Ice,700,125,120,90,170,100,95,5,TRUE,580,713,Dragon_Ice,1,1,0,0,0,1,12
647,KeldeoOrdinary Forme,Water,Fighting,580,91,72,90,129,90,108,5,FALSE,508,714,Fighting_Water,1,1,0,0,0,1,76
647,KeldeoResolute Forme,Water,Fighting,580,91,72,90,129,90,108,5,FALSE,508,715,Fighting_Water,1,1,0,0,0,1,76
648,MeloettaAria Forme,Normal,Psychic,600,100,77,77,128,128,90,5,FALSE,523,716,Normal_Psychic,1,1,0,0,0,1,57
648,MeloettaPirouette Forme,Normal,Fighting,600,100,128,90,77,77,128,5,FALSE,523,717,Fighting_Normal,1,1,0,0,0,1,57
649,Genesect,Bug,Steel,600,71,120,95,120,95,99,5,FALSE,480,718,Bug_Steel,1,1,0,0,0,0,125
650,Chespin,Grass,Only,313,56,61,65,48,45,38,6,FALSE,265,719,Grass,1,0,0,1,0,0,726
651,Quilladin,Grass,Only,405,61,78,95,56,58,57,6,FALSE,349,720,Grass,2,0,0,1,0,0,542
652,Chesnaught,Grass,Fighting,530,88,107,122,74,75,64,6,FALSE,456,721,Fighting_Grass,3,1,0,1,0,0,173
653,Fennekin,Fire,Only,307,40,45,40,62,60,60,6,FALSE,262,722,Fire,1,0,0,1,0,0,742
654,Braixen,Fire,Only,409,59,59,58,90,70,73,6,FALSE,350,723,Fire,2,0,0,1,0,0,530
655,Delphox,Fire,Psychic,534,75,69,72,114,100,104,6,FALSE,465,724,Fire_Psychic,3,1,0,1,0,0,148
656,Froakie,Water,Only,314,41,56,40,62,44,71,6,FALSE,258,725,Water,1,0,0,1,0,0,760
657,Frogadier,Water,Only,405,54,63,52,83,56,97,6,FALSE,342,726,Water,2,0,0,1,0,0,556
658,Greninja,Water,Dark,530,72,95,67,103,71,122,6,FALSE,435,727,Dark_Water,3,1,0,1,0,0,258
659,Bunnelby,Normal,Only,237,38,36,38,32,36,57,6,FALSE,205,728,Normal,1,0,0,0,0,0,860
660,Diggersby,Normal,Ground,423,85,56,77,50,77,78,6,FALSE,373,729,Ground_Normal,2,1,0,0,0,0,476
661,Fletchling,Normal,Flying,278,45,50,43,40,38,62,6,FALSE,238,730,Flying_Normal,1,0,0,0,0,0,819
662,Fletchinder,Fire,Flying,382,62,73,55,56,52,84,6,FALSE,326,731,Fire_Flying,2,0,0,0,0,0,585
663,Talonflame,Fire,Flying,499,78,81,71,74,69,126,6,FALSE,425,732,Fire_Flying,3,1,0,0,0,0,309
664,Scatterbug,Bug,Only,200,38,35,40,27,25,35,6,FALSE,173,733,Bug,1,0,0,0,0,0,883
665,Spewpa,Bug,Only,213,45,22,60,27,30,29,6,FALSE,191,734,Bug,2,0,0,0,0,0,864
666,Vivillon,Bug,Flying,411,80,52,50,90,50,89,6,FALSE,359,735,Bug_Flying,3,1,0,0,0,0,511
667,Litleo,Fire,Normal,369,62,50,58,73,54,72,6,FALSE,319,736,Fire_Normal,1,0,0,0,0,0,599
668,Pyroar,Fire,Normal,507,86,68,72,109,66,106,6,FALSE,439,737,Fire_Normal,2,1,0,0,0,0,250
669,Flabébé,Fairy,Only,303,44,38,39,61,79,42,6,FALSE,265,738,Fairy,1,0,0,0,0,0,726
670,Floette,Fairy,Only,371,54,45,47,75,98,52,6,FALSE,326,739,Fairy,2,0,0,0,0,0,585
671,Florges,Fairy,Only,552,78,65,68,112,154,75,6,FALSE,487,740,Fairy,3,1,0,0,0,0,118
672,Skiddo,Grass,Only,350,66,65,48,62,57,52,6,FALSE,288,741,Grass,1,0,0,0,0,0,667
673,Gogoat,Grass,Only,531,123,100,62,97,81,68,6,FALSE,434,742,Grass,2,1,0,0,0,0,274
674,Pancham,Fighting,Only,348,67,82,62,46,48,43,6,FALSE,302,743,Fighting,1,0,0,0,0,0,623
675,Pangoro,Fighting,Dark,495,95,124,78,69,71,58,6,FALSE,426,744,Dark_Fighting,2,1,0,0,0,0,304
676,Furfrou,Normal,Only,472,75,80,60,65,90,102,6,FALSE,407,745,Normal,1,1,0,0,0,0,373
677,Espurr,Psychic,Only,355,62,48,54,63,60,68,6,FALSE,307,746,Psychic,1,0,0,0,0,0,616
678,MeowsticMale,Psychic,Only,466,74,48,76,83,81,104,6,FALSE,418,747,Psychic,2,1,0,0,0,1,338
678,MeowsticFemale,Psychic,Only,466,74,48,76,83,81,104,6,FALSE,418,748,Psychic,2,1,0,0,0,1,338
679,Honedge,Steel,Ghost,325,45,80,100,35,37,28,6,FALSE,290,749,Ghost_Steel,1,0,0,0,0,0,655
680,Doublade,Steel,Ghost,448,59,110,150,45,49,35,6,FALSE,403,750,Ghost_Steel,2,0,0,0,0,0,396
681,AegislashBlade Forme,Steel,Ghost,520,60,150,50,150,50,60,6,FALSE,370,751,Ghost_Steel,3,1,0,0,0,1,482
681,AegislashShield Forme,Steel,Ghost,520,60,50,150,50,150,60,6,FALSE,470,752,Ghost_Steel,3,1,0,0,0,1,141
682,Spritzee,Fairy,Only,341,78,52,60,63,65,23,6,FALSE,289,753,Fairy,1,0,0,0,0,0,664
683,Aromatisse,Fairy,Only,462,101,72,72,99,89,29,6,FALSE,390,754,Fairy,2,1,0,0,0,0,434
684,Swirlix,Fairy,Only,341,62,48,66,59,57,49,6,FALSE,293,755,Fairy,1,0,0,0,0,0,648
685,Slurpuff,Fairy,Only,480,82,80,86,85,75,72,6,FALSE,400,756,Fairy,2,1,0,0,0,0,400
686,Inkay,Dark,Psychic,288,53,54,53,37,46,45,6,FALSE,251,757,Dark_Psychic,1,0,0,0,0,0,778
687,Malamar,Dark,Psychic,482,86,92,88,68,75,73,6,FALSE,414,758,Dark_Psychic,2,1,0,0,0,0,352
688,Binacle,Rock,Water,306,42,52,67,39,56,50,6,FALSE,267,759,Rock_Water,1,0,0,0,0,0,722
689,Barbaracle,Rock,Water,500,72,105,115,54,86,68,6,FALSE,446,760,Rock_Water,2,1,0,0,0,0,218
690,Skrelp,Poison,Water,320,50,60,60,60,60,30,6,FALSE,260,761,Poison_Water,1,0,0,0,0,0,745
691,Dragalge,Poison,Dragon,494,65,75,90,97,123,44,6,FALSE,419,762,Dragon_Poison,2,1,0,0,0,0,337
692,Clauncher,Water,Only,330,50,53,62,58,63,44,6,FALSE,277,763,Water,1,0,0,0,0,0,689
693,Clawitzer,Water,Only,500,71,73,88,120,89,59,6,FALSE,427,764,Water,2,1,0,0,0,0,303
694,Helioptile,Electric,Normal,289,44,38,33,61,43,70,6,FALSE,251,765,Electric_Normal,1,0,0,0,0,0,778
695,Heliolisk,Electric,Normal,481,62,55,52,109,94,109,6,FALSE,426,766,Electric_Normal,2,1,0,0,0,0,304
696,Tyrunt,Rock,Dragon,362,58,89,77,45,45,48,6,FALSE,317,767,Dragon_Rock,1,0,0,0,0,0,601
697,Tyrantrum,Rock,Dragon,521,82,121,119,69,59,71,6,FALSE,452,768,Dragon_Rock,2,1,0,0,0,0,194
698,Amaura,Rock,Ice,362,77,59,50,67,63,46,6,FALSE,303,769,Ice_Rock,1,0,0,0,0,0,621
699,Aurorus,Rock,Ice,521,123,77,72,99,92,58,6,FALSE,444,770,Ice_Rock,2,1,0,0,0,0,232
700,Sylveon,Fairy,Only,525,95,65,65,110,130,60,6,FALSE,460,771,Fairy,2,0,1,0,0,0,162
701,Hawlucha,Fighting,Flying,500,78,92,75,74,63,118,6,FALSE,426,772,Fighting_Flying,1,1,0,0,0,0,304
702,Dedenne,Electric,Fairy,431,67,58,57,81,67,101,6,FALSE,373,773,Electric_Fairy,1,1,0,0,0,0,476
703,Carbink,Rock,Fairy,500,50,50,150,50,150,50,6,FALSE,450,774,Fairy_Rock,1,1,0,0,0,0,196
704,Goomy,Dragon,Only,300,45,50,35,55,75,40,6,FALSE,250,775,Dragon,1,0,0,0,0,0,781
705,Sliggoo,Dragon,Only,452,68,75,53,83,113,60,6,FALSE,377,776,Dragon,2,0,0,0,0,0,466
706,Goodra,Dragon,Only,600,90,100,70,110,150,80,6,FALSE,500,777,Dragon,3,1,0,0,0,0,87
707,Klefki,Steel,Fairy,470,57,80,91,80,87,75,6,FALSE,390,778,Fairy_Steel,1,1,0,0,0,0,434
708,Phantump,Ghost,Grass,309,43,70,48,50,60,38,6,FALSE,259,779,Ghost_Grass,1,0,0,0,0,0,757
709,Trevenant,Ghost,Grass,474,85,110,76,65,82,56,6,FALSE,409,780,Ghost_Grass,2,1,0,0,0,0,369
710,PumpkabooAverage Size,Ghost,Grass,335,49,66,70,44,55,51,6,FALSE,291,781,Ghost_Grass,1,0,0,0,0,1,651
710,PumpkabooSmall Size,Ghost,Grass,335,44,66,70,44,55,56,6,FALSE,291,782,Ghost_Grass,1,0,0,0,0,1,651
710,PumpkabooLarge Size,Ghost,Grass,335,54,66,70,44,55,46,6,FALSE,291,783,Ghost_Grass,1,0,0,0,0,1,651
710,PumpkabooSuper Size,Ghost,Grass,335,59,66,70,44,55,41,6,FALSE,291,784,Ghost_Grass,1,0,0,0,0,1,651
711,GourgeistAverage Size,Ghost,Grass,494,65,90,122,58,75,84,6,FALSE,436,785,Ghost_Grass,2,1,0,0,0,1,253
711,GourgeistSmall Size,Ghost,Grass,494,55,85,122,58,75,99,6,FALSE,436,786,Ghost_Grass,2,1,0,0,0,1,253
711,GourgeistLarge Size,Ghost,Grass,494,75,95,122,58,75,69,6,FALSE,436,787,Ghost_Grass,2,1,0,0,0,1,253
711,GourgeistSuper Size,Ghost,Grass,494,85,100,122,58,75,54,6,FALSE,436,788,Ghost_Grass,2,1,0,0,0,1,253
712,Bergmite,Ice,Only,304,55,69,85,32,35,28,6,FALSE,272,789,Ice,1,0,0,0,0,0,701
713,Avalugg,Ice,Only,514,95,117,184,44,46,28,6,FALSE,470,790,Ice,2,1,0,0,0,0,141
714,Noibat,Flying,Dragon,245,40,30,35,45,40,55,6,FALSE,215,791,Dragon_Flying,1,0,0,0,0,0,848
715,Noivern,Flying,Dragon,535,85,70,80,97,80,123,6,FALSE,465,792,Dragon_Flying,2,1,0,0,0,0,148
716,Xerneas,Fairy,Only,680,126,131,95,131,98,99,6,TRUE,549,793,Fairy,1,1,0,0,0,0,35
717,Yveltal,Dark,Flying,680,126,131,95,131,98,99,6,TRUE,549,794,Dark_Flying,1,1,0,0,0,0,35
718,Zygarde50% Forme,Dragon,Ground,600,108,100,121,81,95,95,6,TRUE,519,795,Dragon_Ground,1,1,0,0,0,1,63
719,Diancie,Rock,Fairy,600,50,100,150,100,150,50,6,TRUE,500,796,Fairy_Rock,1,1,0,0,0,0,87
719,DiancieMega Diancie,Rock,Fairy,700,50,160,110,160,110,110,6,TRUE,540,797,Fairy_Rock,4,0,0,0,2,1,38
720,HoopaHoopa Confined,Psychic,Ghost,600,80,110,60,150,130,70,6,TRUE,490,798,Ghost_Psychic,1,1,0,0,0,1,110
720,HoopaHoopa Unbound,Psychic,Dark,680,80,160,60,170,130,80,6,TRUE,520,799,Dark_Psychic,1,1,0,0,0,1,59
721,Volcanion,Fire,Water,600,80,110,120,130,90,70,6,TRUE,490,800,Fire_Water,1,1,0,0,0,0,110
722,Rowlet,Grass,Flying,320,68,55,55,50,50,42,7,FALSE,270,801,Flying_Grass,1,0,0,1,0,0,704
723,Dartrix,Grass,Flying,420,78,75,75,70,70,52,7,FALSE,350,802,Flying_Grass,2,0,0,1,0,0,530
724,Decidueye,Grass,Ghost,530,78,107,75,100,100,70,7,FALSE,430,803,Ghost_Grass,3,1,0,1,0,0,283
725,Litten,Fire,Only,320,45,65,40,60,40,70,7,FALSE,260,804,Fire,1,0,0,1,0,0,745
726,Torracat,Fire,Only,420,65,85,50,80,50,90,7,FALSE,340,805,Fire,2,0,0,1,0,0,560
727,Incineroar,Fire,Dark,530,95,115,90,80,90,60,7,FALSE,450,806,Dark_Fire,3,1,0,1,0,0,196
728,Popplio,Water,Only,320,50,54,54,66,56,40,7,FALSE,266,807,Water,1,0,0,1,0,0,724
729,Brionne,Water,Only,420,60,69,69,91,81,50,7,FALSE,351,808,Water,2,0,0,1,0,0,529
730,Primarina,Water,Fairy,530,80,74,74,126,116,60,7,FALSE,456,809,Fairy_Water,3,1,0,1,0,0,173
731,Pikipek,Normal,Flying,265,35,75,30,30,30,65,7,FALSE,235,810,Flying_Normal,1,0,0,0,0,0,822
732,Trumbeak,Normal,Flying,355,55,85,50,40,50,75,7,FALSE,315,811,Flying_Normal,2,0,0,0,0,0,602
733,Toucannon,Normal,Flying,485,80,120,75,75,75,60,7,FALSE,410,812,Flying_Normal,3,1,0,0,0,0,358
734,Yungoos,Normal,Only,253,48,70,30,30,30,45,7,FALSE,223,813,Normal,1,0,0,0,0,0,842
735,Gumshoos,Normal,Only,418,88,110,60,55,60,45,7,FALSE,363,814,Normal,2,1,0,0,0,0,500
736,Grubbin,Bug,Only,300,47,62,45,55,45,46,7,FALSE,245,815,Bug,1,0,0,0,0,0,796
737,Charjabug,Bug,Electric,400,57,82,95,55,75,36,7,FALSE,345,816,Bug_Electric,2,0,0,0,0,0,547
738,Vikavolt,Bug,Electric,500,77,70,90,145,75,43,7,FALSE,430,817,Bug_Electric,3,1,0,0,0,0,283
739,Crabrawler,Fighting,Only,338,47,82,57,42,47,63,7,FALSE,296,818,Fighting,1,0,0,0,0,0,638
740,Crabominable,Fighting,Ice,478,97,132,77,62,67,43,7,FALSE,416,819,Fighting_Ice,2,1,0,0,0,0,343
741,Oricorio Baile Style,Fire,Flying,476,75,70,70,98,70,93,7,FALSE,406,820,Fire_Flying,1,1,0,0,0,1,376
741,Oricorio Pom-Pom Style,Electric,Flying,476,75,70,70,98,70,93,7,FALSE,406,821,Fire_Flying,1,1,0,0,0,1,376
741,Oricorio Pa'u Style,Psychic,Flying,476,75,70,70,98,70,93,7,FALSE,406,822,Fire_Flying,1,1,0,0,0,1,376
741,Oricorio Sensu Style,Ghost,Flying,476,75,70,70,98,70,93,7,FALSE,406,823,Fire_Flying,1,1,0,0,0,1,376
742,Cutiefly,Bug,Fairy,304,40,45,40,55,40,84,7,FALSE,259,824,Bug_Fairy,1,0,0,0,0,0,757
743,Ribombee,Bug,Fairy,464,60,55,60,95,70,124,7,FALSE,409,825,Bug_Fairy,2,1,0,0,0,0,369
744,Rockruff,Rock,Only,280,45,65,40,30,40,60,7,FALSE,250,826,Rock,1,0,0,0,0,0,781
745,Lycanroc,Rock,Only,487,85,115,75,55,75,82,7,FALSE,432,827,Rock,2,1,0,0,0,0,279
746,Wishiwashi School Form,Water,Only,620,45,140,130,140,135,30,7,FALSE,480,828,Water,1,1,0,0,0,1,125
746,Wishiwashi Solo Form,Water,Only,175,45,20,20,25,25,40,7,FALSE,155,829,Water,1,1,0,0,0,1,889
747,Mareanie,Poison,Water,305,50,53,62,43,52,45,7,FALSE,262,830,Poison_Water,1,0,0,0,0,0,742
748,Toxapex,Poison,Water,495,50,63,152,53,142,35,7,FALSE,442,831,Poison_Water,2,1,0,0,0,0,238
749,Mudbray,Ground,Only,385,70,100,70,45,55,45,7,FALSE,340,832,Ground,1,0,0,0,0,0,560
750,Mudsdale,Ground,Only,500,100,125,100,55,85,35,7,FALSE,445,833,Ground,2,1,0,0,0,0,219
751,Dewpider,Water,Bug,269,38,40,52,40,72,27,7,FALSE,229,834,Bug_Water,1,0,0,0,0,0,836
752,Araquanid,Water,Bug,454,68,70,92,50,132,42,7,FALSE,404,835,Bug_Water,2,1,0,0,0,0,394
753,Fomantis,Grass,Only,250,40,55,35,50,35,35,7,FALSE,200,836,Grass,1,0,0,0,0,0,861
754,Lurantis,Grass,Only,480,70,105,90,80,90,45,7,FALSE,400,837,Grass,2,1,0,0,0,0,400
755,Morelull,Grass,Fairy,285,40,35,55,65,75,15,7,FALSE,250,838,Fairy_Grass,1,0,0,0,0,0,781
756,Shiinotic,Grass,Fairy,405,60,45,80,90,100,30,7,FALSE,360,839,Fairy_Grass,2,1,0,0,0,0,502
757,Salandit,Poison,Fire,320,48,44,40,71,40,77,7,FALSE,276,840,Fire_Poison,1,0,0,0,0,0,691
758,Salazzle,Poison,Fire,480,68,64,60,111,60,117,7,FALSE,416,841,Fire_Poison,2,1,0,0,0,0,343
759,Stufful,Normal,Fighting,340,70,75,50,45,50,50,7,FALSE,295,842,Fighting_Normal,1,0,0,0,0,0,639
760,Bewear,Normal,Fighting,500,120,125,80,55,60,60,7,FALSE,445,843,Fighting_Normal,2,1,0,0,0,0,219
761,Bounsweet,Grass,Only,210,42,30,38,30,38,32,7,FALSE,180,844,Grass,1,0,0,0,0,0,873
762,Steenee,Grass,Only,290,52,40,48,40,48,62,7,FALSE,250,845,Grass,2,0,0,0,0,0,781
763,Tsareena,Grass,Only,510,72,120,98,50,98,72,7,FALSE,460,846,Grass,3,1,0,0,0,0,162
764,Comfey,Fairy,Only,485,51,52,90,82,110,100,7,FALSE,433,847,Fairy,1,1,0,0,0,0,276
765,Oranguru,Normal,Psychic,490,90,60,80,90,110,60,7,FALSE,430,848,Normal_Psychic,1,1,0,0,0,0,283
766,Passimian,Fighting,Only,490,100,120,90,40,60,80,7,FALSE,450,849,Fighting,1,1,0,0,0,0,196
767,Wimpod,Bug,Water,230,25,35,40,20,30,80,7,FALSE,210,850,Bug_Water,1,0,0,0,0,0,855
768,Golisopod,Bug,Water,530,75,125,140,60,90,40,7,FALSE,470,851,Bug_Water,2,1,0,0,0,0,141
769,Sandygast,Ghost,Ground,320,55,55,80,70,45,15,7,FALSE,265,852,Ghost_Ground,1,0,0,0,0,0,726
770,Palossand,Ghost,Ground,480,85,75,110,100,75,35,7,FALSE,405,853,Ghost_Ground,2,1,0,0,0,0,381
771,Pyukumuku,Water,Only,410,55,60,130,30,130,5,7,FALSE,380,854,Water,1,1,0,0,0,0,455
772,Type: Null,Normal,Only,534,95,95,95,95,95,59,7,FALSE,439,855,Normal,1,0,0,0,0,0,250
773,Silvally,Normal,Only,570,95,95,95,95,95,95,7,FALSE,475,856,Normal,2,1,0,0,0,0,135
774,Minior,Rock,Flying,500,60,100,60,100,60,120,7,FALSE,400,857,Flying_Rock,1,1,0,0,0,0,400
775,Komala,Normal,Only,480,65,115,65,75,95,65,7,FALSE,405,858,Normal,1,1,0,0,0,0,381
776,Turtonator,Fire,Dragon,485,60,78,135,91,85,36,7,FALSE,407,859,Dragon_Fire,1,1,0,0,0,0,373
777,Togedemaru,Electric,Steel,435,65,98,63,40,73,96,7,FALSE,395,860,Electric_Steel,1,1,0,0,0,0,416
778,Mimikyu,Ghost,Fairy,476,55,90,80,50,105,96,7,FALSE,426,861,Fairy_Ghost,1,1,0,0,0,0,304
779,Bruxish,Water,Psychic,475,68,105,70,70,70,92,7,FALSE,405,862,Psychic_Water,1,1,0,0,0,0,381
780,Drampa,Normal,Dragon,485,78,60,85,135,91,36,7,FALSE,425,863,Dragon_Normal,1,1,0,0,0,0,309
781,Dhelmise,Ghost,Grass,517,70,131,100,86,90,40,7,FALSE,431,864,Ghost_Grass,1,1,0,0,0,0,282
782,Jangmo-o,Dragon,Only,300,45,55,65,45,45,45,7,FALSE,255,865,Dragon,1,0,0,0,0,0,766
783,Hakamo-o,Dragon,Fighting,420,55,75,90,65,70,65,7,FALSE,355,866,Dragon_Fighting,2,0,0,0,0,0,514
784,Kommo-o,Dragon,Fighting,600,75,110,125,100,105,85,7,FALSE,500,867,Dragon_Fighting,3,1,0,0,0,0,87
785,Tapu Koko,Electric,Fairy,570,70,115,85,95,75,130,7,TRUE,475,868,Electric_Fairy,1,1,0,0,0,0,135
786,Tapu Lele,Psychic,Fairy,570,70,85,75,130,115,95,7,TRUE,485,869,Fairy_Psychic,1,1,0,0,0,0,119
787,Tapu Bulu,Grass,Fairy,570,70,130,115,85,95,75,7,TRUE,485,870,Fairy_Grass,1,1,0,0,0,0,119
788,Tapu Fini,Water,Fairy,570,70,75,115,95,130,85,7,TRUE,495,871,Fairy_Water,1,1,0,0,0,0,102
789,Cosmog,Psychic,Only,200,43,29,31,29,31,37,7,TRUE,171,872,Psychic,1,0,0,0,0,0,885
790,Cosmoem,Psychic,Only,400,43,29,131,29,131,37,7,TRUE,371,873,Psychic,2,0,0,0,0,0,481
791,Solgaleo,Psychic,Steel,680,137,137,107,113,89,97,7,TRUE,567,874,Psychic_Steel,3,1,0,0,0,0,25
792,Lunala,Psychic,Ghost,680,137,113,89,137,107,97,7,TRUE,567,875,Ghost_Psychic,3,1,0,0,0,0,25
793,Nihilego,Rock,Poison,570,109,53,47,127,131,103,7,TRUE,517,876,Poison_Rock,1,1,0,0,0,0,64
794,Buzzwole,Bug,Fighting,570,107,139,139,53,53,79,7,TRUE,517,877,Bug_Fighting,1,1,0,0,0,0,64
795,Pheromosa,Bug,Fighting,570,71,137,37,137,37,151,7,TRUE,433,878,Bug_Fighting,1,1,0,0,0,0,276
796,Xurkitree,Electric,Only,570,83,89,71,173,71,83,7,TRUE,481,879,Electric,1,1,0,0,0,0,124
797,Celesteela,Steel,Flying,570,97,101,103,107,101,61,7,TRUE,469,880,Flying_Steel,1,1,0,0,0,0,146
798,Kartana,Grass,Steel,570,59,181,131,59,31,109,7,TRUE,511,881,Grass_Steel,1,1,0,0,0,0,69
799,Guzzlord,Dark,Dragon,570,223,101,53,97,53,43,7,TRUE,473,882,Dark_Dragon,1,1,0,0,0,0,140
800,Necrozma,Psychic,Only,600,97,107,101,127,89,79,7,TRUE,493,883,Psychic,1,1,0,0,0,0,109
801,Magearna,Steel,Fairy,600,80,95,115,130,115,65,7,TRUE,505,884,Fairy_Steel,1,1,0,0,0,0,79
802,Marshadow,Fighting,Ghost,600,90,125,80,90,90,125,7,TRUE,510,885,Fighting_Ghost,1,1,0,0,0,0,70
803,Poipole,Poison,Only,420,67,73,67,73,67,73,7,TRUE,347,886,Poison,1,0,0,0,0,0,544
804,Naganadel,Poison,Dragon,540,73,73,73,127,73,121,7,TRUE,467,887,Dragon_Poison,2,1,0,0,0,0,147
805,Stakataka,Rock,Steel,570,61,131,211,53,101,13,7,TRUE,517,888,Rock_Steel,1,1,0,0,0,0,64
806,Blacephalon,Fire,Ghost,570,53,127,53,151,79,107,7,TRUE,443,889,Fire_Ghost,1,1,0,0,0,0,234
807,Zeraora,Electric,Only,600,88,112,75,102,80,143,7,TRUE,498,890,Electric,1,1,0,0,0,0,100